task_id,image_path,normalized_image_path,mre_pixels,num_points
A4C,images/A4C/PNG_IM_0716-013.png,A4C/PNG_IM_0716-013.png,232.50537109375,16
A4C,images/A4C/PNG_IM_0713-003.png,A4C/PNG_IM_0713-003.png,222.15017700195312,16
A4C,images/A4C/PNG_IM_0765.png,A4C/PNG_IM_0765.png,58.078643798828125,16
A4C,images/A4C/PNG_IM_0244-028.png,A4C/PNG_IM_0244-028.png,54.366859436035156,16
A4C,images/A4C/PNG_IM_0293.png,A4C/PNG_IM_0293.png,41.17525863647461,16
A4C,images/A4C/DCM_IM_0049_frame000.png,A4C/DCM_IM_0049_frame000.png,39.79176712036133,16
A4C,images/A4C/DCM_IM_0022_s01_frame020.png,A4C/DCM_IM_0022_s01_frame020.png,38.38592529296875,16
A4C,images/A4C/PNG_IM_0389-003.png,A4C/PNG_IM_0389-003.png,36.62962341308594,16
A4C,images/A4C/PNG_IM_0757.png,A4C/PNG_IM_0757.png,35.45426940917969,16
A4C,images/A4C/PNG_IM_0766.png,A4C/PNG_IM_0766.png,34.0048828125,16
A4C,images/A4C/PNG_IM_0772.png,A4C/PNG_IM_0772.png,32.51655578613281,16
A4C,images/A4C/DCM_IM_0045_frame014.png,A4C/DCM_IM_0045_frame014.png,29.77052116394043,16
A4C,images/A4C/PNG_IM_0730-009.png,A4C/PNG_IM_0730-009.png,28.92119789123535,16
A4C,images/A4C/PNG_IM_0317-008.png,A4C/PNG_IM_0317-008.png,28.310043334960938,16
A4C,images/A4C/DCM_IM_0100_frame024.png,A4C/DCM_IM_0100_frame024.png,23.306438446044922,16
A4C,images/A4C/DCM_IM_0026_frame031.png,A4C/DCM_IM_0026_frame031.png,19.669363021850586,16
A4C,images/A4C/DCM_IM_0047_frame065.png,A4C/DCM_IM_0047_frame065.png,14.967208862304688,16
A4C,images/A4C/PNG_IM_0867-008.png,A4C/PNG_IM_0867-008.png,13.289896011352539,16
A4C,images/A4C/PNG_IM_0710-000.png,A4C/PNG_IM_0710-000.png,13.260519027709961,16
A4C,images/A4C/DCM_IM_0007_frame007.png,A4C/DCM_IM_0007_frame007.png,13.159486770629883,16
A4C,images/A4C/DCM_IM_0171_frame018.png,A4C/DCM_IM_0171_frame018.png,13.042325973510742,16
A4C,images/A4C/DCM_IM_0087_frame001.png,A4C/DCM_IM_0087_frame001.png,11.832523345947266,16
A4C,images/A4C/PNG_IM_0294.png,A4C/PNG_IM_0294.png,8.745638847351074,16
A4C,images/A4C/PNG_IM_0417.png,A4C/PNG_IM_0417.png,7.7990241050720215,16
A4C,images/A4C/PNG_IM_0329-002.png,A4C/PNG_IM_0329-002.png,7.343341827392578,16
A4C,images/A4C/PNG_IM_0575.png,A4C/PNG_IM_0575.png,7.320878982543945,16
A4C,images/A4C/PNG_IM_0553.png,A4C/PNG_IM_0553.png,6.990642547607422,16
A4C,images/A4C/PNG_IM_0372.png,A4C/PNG_IM_0372.png,6.838422775268555,16
A4C,images/A4C/PNG_IM_0758.png,A4C/PNG_IM_0758.png,6.8042402267456055,16
A4C,images/A4C/PNG_IM_0365.png,A4C/PNG_IM_0365.png,6.736477851867676,16
A4C,images/A4C/PNG_IM_0578.png,A4C/PNG_IM_0578.png,6.721159934997559,16
A4C,images/A4C/PNG_IM_0016_frame000.png,A4C/PNG_IM_0016_frame000.png,6.6724395751953125,16
A4C,images/A4C/DCM_IM_0049_frame022.png,A4C/DCM_IM_0049_frame022.png,6.635251522064209,16
A4C,images/A4C/PNG_IM_0345-013.png,A4C/PNG_IM_0345-013.png,6.583317279815674,16
A4C,images/A4C/PNG_IM_0331-001.png,A4C/PNG_IM_0331-001.png,6.568453788757324,16
A4C,images/A4C/PNG_IM_0035-019.png,A4C/PNG_IM_0035-019.png,6.496708869934082,16
A4C,images/A4C/PNG_IM_0253-009.png,A4C/PNG_IM_0253-009.png,6.467482566833496,16
A4C,images/A4C/PNG_IM_0050.png,A4C/PNG_IM_0050.png,6.287731647491455,16
A4C,images/A4C/DCM_IM_0043_frame023.png,A4C/DCM_IM_0043_frame023.png,6.252229690551758,16
A4C,images/A4C/PNG_IM_0867-052.png,A4C/PNG_IM_0867-052.png,6.169027805328369,16
A4C,images/A4C/PNG_IM_0716-012.png,A4C/PNG_IM_0716-012.png,6.166088104248047,16
A4C,images/A4C/DCM_IM_0083_frame088.png,A4C/DCM_IM_0083_frame088.png,6.1495232582092285,16
A4C,images/A4C/PNG_IM_0877-031.png,A4C/PNG_IM_0877-031.png,6.1352739334106445,16
A4C,images/A4C/PNG_IM_0579.png,A4C/PNG_IM_0579.png,6.0580549240112305,16
A4C,images/A4C/DCM_IM_0044_s02_frame029.png,A4C/DCM_IM_0044_s02_frame029.png,5.986394882202148,16
A4C,images/A4C/DCM_IM_0102_frame023.png,A4C/DCM_IM_0102_frame023.png,5.973184585571289,16
A4C,images/A4C/PNG_IM_0013-007.png,A4C/PNG_IM_0013-007.png,5.934892654418945,16
A4C,images/A4C/PNG_IM_0713-000.png,A4C/PNG_IM_0713-000.png,5.9181928634643555,16
A4C,images/A4C/DCM_IM_0024_s01_frame015.png,A4C/DCM_IM_0024_s01_frame015.png,5.917789459228516,16
A4C,images/A4C/DCM_IM_0119_s01_frame021.png,A4C/DCM_IM_0119_s01_frame021.png,5.878489017486572,16
A4C,images/A4C/PNG_IM_0249-005.png,A4C/PNG_IM_0249-005.png,5.8756890296936035,16
A4C,images/A4C/DCM_IM_0023_s01_frame043.png,A4C/DCM_IM_0023_s01_frame043.png,5.802658557891846,16
A4C,images/A4C/PNG_IM_0878-010.png,A4C/PNG_IM_0878-010.png,5.766976833343506,16
A4C,images/A4C/DCM_IM_0032_frame010.png,A4C/DCM_IM_0032_frame010.png,5.722028732299805,16
A4C,images/A4C/DCM_IM_0101_frame081.png,A4C/DCM_IM_0101_frame081.png,5.709068298339844,16
A4C,images/A4C/DCM_IM_0009_frame053.png,A4C/DCM_IM_0009_frame053.png,5.707375526428223,16
A4C,images/A4C/PNG_IM_0254-000.png,A4C/PNG_IM_0254-000.png,5.705877304077148,16
A4C,images/A4C/DCM_IM_0079_frame065.png,A4C/DCM_IM_0079_frame065.png,5.605462074279785,16
A4C,images/A4C/DCM_IM_0153_frame021.png,A4C/DCM_IM_0153_frame021.png,5.596964359283447,16
A4C,images/A4C/DCM_IM_0111_frame025.png,A4C/DCM_IM_0111_frame025.png,5.5955657958984375,16
A4C,images/A4C/DCM_IM_0033_frame014.png,A4C/DCM_IM_0033_frame014.png,5.563643455505371,16
A4C,images/A4C/DCM_IM_0083_frame108.png,A4C/DCM_IM_0083_frame108.png,5.561768531799316,16
A4C,images/A4C/PNG_IM_0248-001.png,A4C/PNG_IM_0248-001.png,5.560235023498535,16
A4C,images/A4C/PNG_IM_0710-081.png,A4C/PNG_IM_0710-081.png,5.547628879547119,16
A4C,images/A4C/PNG_IM_0728-001.png,A4C/PNG_IM_0728-001.png,5.512645244598389,16
A4C,images/A4C/DCM_IM_0045_frame010.png,A4C/DCM_IM_0045_frame010.png,5.501972675323486,16
A4C,images/A4C/DCM_IM_0078_frame006.png,A4C/DCM_IM_0078_frame006.png,5.445204734802246,16
A4C,images/A4C/DCM_IM_0170_frame057.png,A4C/DCM_IM_0170_frame057.png,5.391307830810547,16
A4C,images/A4C/DCM_IM_0053_frame037.png,A4C/DCM_IM_0053_frame037.png,5.381148338317871,16
A4C,images/A4C/PNG_IM_0330-007.png,A4C/PNG_IM_0330-007.png,5.377248287200928,16
A4C,images/A4C/DCM_IM_0101_frame101.png,A4C/DCM_IM_0101_frame101.png,5.375072002410889,16
A4C,images/A4C/PNG_IM_0875-016.png,A4C/PNG_IM_0875-016.png,5.367587089538574,16
A4C,images/A4C/PNG_IM_0800-006.png,A4C/PNG_IM_0800-006.png,5.347405433654785,16
A4C,images/A4C/PNG_IM_0345-000.png,A4C/PNG_IM_0345-000.png,5.3230204582214355,16
A4C,images/A4C/PNG_IM_0712-013.png,A4C/PNG_IM_0712-013.png,5.308162689208984,16
A4C,images/A4C/PNG_IM_0346-016.png,A4C/PNG_IM_0346-016.png,5.285510063171387,16
A4C,images/A4C/DCM_IM_0102_frame005.png,A4C/DCM_IM_0102_frame005.png,5.272745132446289,16
A4C,images/A4C/PNG_IM_0244-012.png,A4C/PNG_IM_0244-012.png,5.267952919006348,16
A4C,images/A4C/DCM_IM_0075_frame057.png,A4C/DCM_IM_0075_frame057.png,5.202739715576172,16
A4C,images/A4C/DCM_IM_0154_frame055.png,A4C/DCM_IM_0154_frame055.png,5.16649055480957,16
A4C,images/A4C/PNG_IM_0254-005.png,A4C/PNG_IM_0254-005.png,5.155036449432373,16
A4C,images/A4C/DCM_IM_0041_frame013.png,A4C/DCM_IM_0041_frame013.png,5.145730495452881,16
A4C,images/A4C/PNG_IM_0886-023.png,A4C/PNG_IM_0886-023.png,5.129762649536133,16
A4C,images/A4C/DCM_IM_0044_s01_frame001.png,A4C/DCM_IM_0044_s01_frame001.png,5.109822750091553,16
A4C,images/A4C/DCM_IM_0024_s02_frame007.png,A4C/DCM_IM_0024_s02_frame007.png,5.078747272491455,16
A4C,images/A4C/DCM_IM_0053_frame015.png,A4C/DCM_IM_0053_frame015.png,5.076897621154785,16
A4C,images/A4C/DCM_IM_0008_frame061.png,A4C/DCM_IM_0008_frame061.png,5.073637008666992,16
A4C,images/A4C/PNG_IM_0318-009.png,A4C/PNG_IM_0318-009.png,5.012388229370117,16
A4C,images/A4C/PNG_IM_0328-009.png,A4C/PNG_IM_0328-009.png,4.980657577514648,16
A4C,images/A4C/PNG_IM_0728-002.png,A4C/PNG_IM_0728-002.png,4.949872970581055,16
A4C,images/A4C/DCM_IM_0067_frame023.png,A4C/DCM_IM_0067_frame023.png,4.939235210418701,16
A4C,images/A4C/PNG_IM_0883-005.png,A4C/PNG_IM_0883-005.png,4.902133941650391,16
A4C,images/A4C/PNG_IM_0878-015.png,A4C/PNG_IM_0878-015.png,4.9013519287109375,16
A4C,images/A4C/PNG_IM_0729-002.png,A4C/PNG_IM_0729-002.png,4.876140594482422,16
A4C,images/A4C/DCM_IM_0008_frame031.png,A4C/DCM_IM_0008_frame031.png,4.851027011871338,16
A4C,images/A4C/PNG_IM_0712-015.png,A4C/PNG_IM_0712-015.png,4.846482753753662,16
A4C,images/A4C/DCM_IM_0068_frame112.png,A4C/DCM_IM_0068_frame112.png,4.834720611572266,16
A4C,images/A4C/PNG_IM_0876-018.png,A4C/PNG_IM_0876-018.png,4.7931108474731445,16
A4C,images/A4C/DCM_IM_0117_frame017.png,A4C/DCM_IM_0117_frame017.png,4.775620937347412,16
A4C,images/A4C/DCM_IM_0117_frame035.png,A4C/DCM_IM_0117_frame035.png,4.675812244415283,16
A4C,images/A4C/DCM_IM_0026_frame001.png,A4C/DCM_IM_0026_frame001.png,4.654068946838379,16
A4C,images/A4C/PNG_IM_0720-017.png,A4C/PNG_IM_0720-017.png,4.649017333984375,16
A4C,images/A4C/PNG_IM_0317-002.png,A4C/PNG_IM_0317-002.png,4.566463947296143,16
A4C,images/A4C/PNG_IM_0726-028.png,A4C/PNG_IM_0726-028.png,4.537768363952637,16
A4C,images/A4C/PNG_IM_0730-001.png,A4C/PNG_IM_0730-001.png,4.339937210083008,16
A4C,images/A4C/DCM_IM_0046_s02_frame106.png,A4C/DCM_IM_0046_s02_frame106.png,4.1465654373168945,16
A4C,images/A4C/PNG_IM_0876-010.png,A4C/PNG_IM_0876-010.png,4.001679420471191,16
A4C,images/A4C/DCM_IM_0170_frame038.png,A4C/DCM_IM_0170_frame038.png,3.7103776931762695,16
FUGC,images/FUGC/0037.png,FUGC/0037.png,29.56414031982422,2
FUGC,images/FUGC/0023.png,FUGC/0023.png,18.5109920501709,2
FUGC,images/FUGC/0038.png,FUGC/0038.png,15.69339370727539,2
FUGC,images/FUGC/0192.png,FUGC/0192.png,11.136419296264648,2
FUGC,images/FUGC/0149.png,FUGC/0149.png,10.603628158569336,2
FUGC,images/FUGC/0227.png,FUGC/0227.png,10.07376766204834,2
FUGC,images/FUGC/0106.png,FUGC/0106.png,9.62096118927002,2
FUGC,images/FUGC/0185.png,FUGC/0185.png,8.933796882629395,2
FUGC,images/FUGC/0087.png,FUGC/0087.png,8.691625595092773,2
FUGC,images/FUGC/0255.png,FUGC/0255.png,8.52003002166748,2
FUGC,images/FUGC/0220.png,FUGC/0220.png,8.498673439025879,2
FUGC,images/FUGC/0236.png,FUGC/0236.png,8.488484382629395,2
FUGC,images/FUGC/0035.png,FUGC/0035.png,8.2916841506958,2
FUGC,images/FUGC/0043.png,FUGC/0043.png,8.071187973022461,2
FUGC,images/FUGC/0257.png,FUGC/0257.png,8.016549110412598,2
FUGC,images/FUGC/0140.png,FUGC/0140.png,7.714350700378418,2
FUGC,images/FUGC/0215.png,FUGC/0215.png,7.468945026397705,2
FUGC,images/FUGC/0046.png,FUGC/0046.png,7.438642501831055,2
FUGC,images/FUGC/0105.png,FUGC/0105.png,7.348826885223389,2
FUGC,images/FUGC/0001.png,FUGC/0001.png,7.316715240478516,2
FUGC,images/FUGC/0197.png,FUGC/0197.png,7.072748184204102,2
FUGC,images/FUGC/0259.png,FUGC/0259.png,7.0062432289123535,2
FUGC,images/FUGC/0225.png,FUGC/0225.png,6.548775672912598,2
FUGC,images/FUGC/0005.png,FUGC/0005.png,6.543068885803223,2
FUGC,images/FUGC/0078.png,FUGC/0078.png,6.08811092376709,2
FUGC,images/FUGC/0056.png,FUGC/0056.png,5.930959224700928,2
FUGC,images/FUGC/0041.png,FUGC/0041.png,5.90376091003418,2
FUGC,images/FUGC/0228.png,FUGC/0228.png,5.870772361755371,2
FUGC,images/FUGC/0195.png,FUGC/0195.png,5.860621452331543,2
FUGC,images/FUGC/0260.png,FUGC/0260.png,5.813098907470703,2
FUGC,images/FUGC/0052.png,FUGC/0052.png,5.482816696166992,2
FUGC,images/FUGC/0232.png,FUGC/0232.png,5.481235980987549,2
FUGC,images/FUGC/0109.png,FUGC/0109.png,5.360661506652832,2
FUGC,images/FUGC/0190.png,FUGC/0190.png,5.268746376037598,2
FUGC,images/FUGC/0251.png,FUGC/0251.png,5.1739301681518555,2
FUGC,images/FUGC/0110.png,FUGC/0110.png,5.145111083984375,2
FUGC,images/FUGC/0144.png,FUGC/0144.png,5.102881908416748,2
FUGC,images/FUGC/0018.png,FUGC/0018.png,5.0997314453125,2
FUGC,images/FUGC/0217.png,FUGC/0217.png,5.075143814086914,2
FUGC,images/FUGC/0239.png,FUGC/0239.png,5.039999961853027,2
FUGC,images/FUGC/0143.png,FUGC/0143.png,5.024819374084473,2
FUGC,images/FUGC/0193.png,FUGC/0193.png,5.014955520629883,2
FUGC,images/FUGC/0020.png,FUGC/0020.png,4.979524612426758,2
FUGC,images/FUGC/0188.png,FUGC/0188.png,4.88794469833374,2
FUGC,images/FUGC/0123.png,FUGC/0123.png,4.835664749145508,2
FUGC,images/FUGC/0125.png,FUGC/0125.png,4.782896041870117,2
FUGC,images/FUGC/0187.png,FUGC/0187.png,4.782208442687988,2
FUGC,images/FUGC/0178.png,FUGC/0178.png,4.702681541442871,2
FUGC,images/FUGC/0245.png,FUGC/0245.png,4.675083160400391,2
FUGC,images/FUGC/0121.png,FUGC/0121.png,4.650308609008789,2
FUGC,images/FUGC/0165.png,FUGC/0165.png,4.645873546600342,2
FUGC,images/FUGC/0131.png,FUGC/0131.png,4.634346008300781,2
FUGC,images/FUGC/0054.png,FUGC/0054.png,4.616487979888916,2
FUGC,images/FUGC/0183.png,FUGC/0183.png,4.591278076171875,2
FUGC,images/FUGC/0146.png,FUGC/0146.png,4.5866899490356445,2
FUGC,images/FUGC/0086.png,FUGC/0086.png,4.524554252624512,2
FUGC,images/FUGC/0007.png,FUGC/0007.png,4.514028549194336,2
FUGC,images/FUGC/0142.png,FUGC/0142.png,4.4900593757629395,2
FUGC,images/FUGC/0059.png,FUGC/0059.png,4.437860012054443,2
FUGC,images/FUGC/0172.png,FUGC/0172.png,4.430782794952393,2
FUGC,images/FUGC/0160.png,FUGC/0160.png,4.399780750274658,2
FUGC,images/FUGC/0194.png,FUGC/0194.png,4.378456115722656,2
FUGC,images/FUGC/0026.png,FUGC/0026.png,4.378122329711914,2
FUGC,images/FUGC/0114.png,FUGC/0114.png,4.376436233520508,2
FUGC,images/FUGC/0214.png,FUGC/0214.png,4.369177341461182,2
FUGC,images/FUGC/0092.png,FUGC/0092.png,4.355637550354004,2
FUGC,images/FUGC/0169.png,FUGC/0169.png,4.347090244293213,2
FUGC,images/FUGC/0138.png,FUGC/0138.png,4.328970432281494,2
FUGC,images/FUGC/0148.png,FUGC/0148.png,4.328000068664551,2
FUGC,images/FUGC/0013.png,FUGC/0013.png,4.321830749511719,2
FUGC,images/FUGC/0050.png,FUGC/0050.png,4.319364547729492,2
FUGC,images/FUGC/0156.png,FUGC/0156.png,4.317458152770996,2
FUGC,images/FUGC/0027.png,FUGC/0027.png,4.307450771331787,2
FUGC,images/FUGC/0073.png,FUGC/0073.png,4.287139892578125,2
FUGC,images/FUGC/0218.png,FUGC/0218.png,4.275958061218262,2
FUGC,images/FUGC/0226.png,FUGC/0226.png,4.2738566398620605,2
FUGC,images/FUGC/0102.png,FUGC/0102.png,4.272596836090088,2
FUGC,images/FUGC/0212.png,FUGC/0212.png,4.268237113952637,2
FUGC,images/FUGC/0034.png,FUGC/0034.png,4.23622465133667,2
FUGC,images/FUGC/0231.png,FUGC/0231.png,4.201740264892578,2
FUGC,images/FUGC/0216.png,FUGC/0216.png,4.1689276695251465,2
FUGC,images/FUGC/0036.png,FUGC/0036.png,4.1211442947387695,2
FUGC,images/FUGC/0085.png,FUGC/0085.png,4.111810684204102,2
FUGC,images/FUGC/0096.png,FUGC/0096.png,4.107834815979004,2
FUGC,images/FUGC/0014.png,FUGC/0014.png,4.098404884338379,2
FUGC,images/FUGC/0209.png,FUGC/0209.png,4.092080593109131,2
FUGC,images/FUGC/0047.png,FUGC/0047.png,4.057605743408203,2
FUGC,images/FUGC/0170.png,FUGC/0170.png,4.045738220214844,2
FUGC,images/FUGC/0040.png,FUGC/0040.png,4.045271396636963,2
FUGC,images/FUGC/0077.png,FUGC/0077.png,4.0440802574157715,2
FUGC,images/FUGC/0124.png,FUGC/0124.png,4.039189338684082,2
FUGC,images/FUGC/0080.png,FUGC/0080.png,4.0163445472717285,2
FUGC,images/FUGC/0097.png,FUGC/0097.png,4.009873867034912,2
FUGC,images/FUGC/0016.png,FUGC/0016.png,3.926797866821289,2
FUGC,images/FUGC/0100.png,FUGC/0100.png,3.9181442260742188,2
FUGC,images/FUGC/0111.png,FUGC/0111.png,3.9076080322265625,2
FUGC,images/FUGC/0118.png,FUGC/0118.png,3.8606128692626953,2
FUGC,images/FUGC/0082.png,FUGC/0082.png,3.8560791015625,2
FUGC,images/FUGC/0199.png,FUGC/0199.png,3.849557876586914,2
FUGC,images/FUGC/0019.png,FUGC/0019.png,3.8490562438964844,2
FUGC,images/FUGC/0241.png,FUGC/0241.png,3.8413891792297363,2
FUGC,images/FUGC/0042.png,FUGC/0042.png,3.8335556983947754,2
FUGC,images/FUGC/0186.png,FUGC/0186.png,3.826176166534424,2
FUGC,images/FUGC/0152.png,FUGC/0152.png,3.8186936378479004,2
FUGC,images/FUGC/0176.png,FUGC/0176.png,3.809821128845215,2
FUGC,images/FUGC/0213.png,FUGC/0213.png,3.8028645515441895,2
FUGC,images/FUGC/0033.png,FUGC/0033.png,3.802140235900879,2
FUGC,images/FUGC/0029.png,FUGC/0029.png,3.784712791442871,2
FUGC,images/FUGC/0177.png,FUGC/0177.png,3.770146369934082,2
FUGC,images/FUGC/0179.png,FUGC/0179.png,3.7688326835632324,2
FUGC,images/FUGC/0256.png,FUGC/0256.png,3.767291307449341,2
FUGC,images/FUGC/0122.png,FUGC/0122.png,3.756682872772217,2
FUGC,images/FUGC/0065.png,FUGC/0065.png,3.7508389949798584,2
FUGC,images/FUGC/0180.png,FUGC/0180.png,3.748769760131836,2
FUGC,images/FUGC/0024.png,FUGC/0024.png,3.748072624206543,2
FUGC,images/FUGC/0031.png,FUGC/0031.png,3.727843761444092,2
FUGC,images/FUGC/0250.png,FUGC/0250.png,3.7177913188934326,2
FUGC,images/FUGC/0163.png,FUGC/0163.png,3.689037561416626,2
FUGC,images/FUGC/0120.png,FUGC/0120.png,3.684307813644409,2
FUGC,images/FUGC/0103.png,FUGC/0103.png,3.666687488555908,2
FUGC,images/FUGC/0068.png,FUGC/0068.png,3.6484813690185547,2
FUGC,images/FUGC/0150.png,FUGC/0150.png,3.6412158012390137,2
FUGC,images/FUGC/0247.png,FUGC/0247.png,3.6322312355041504,2
FUGC,images/FUGC/0010.png,FUGC/0010.png,3.6267552375793457,2
FUGC,images/FUGC/0189.png,FUGC/0189.png,3.6156058311462402,2
FUGC,images/FUGC/0088.png,FUGC/0088.png,3.5784988403320312,2
FUGC,images/FUGC/0002.png,FUGC/0002.png,3.573723554611206,2
FUGC,images/FUGC/0200.png,FUGC/0200.png,3.5633668899536133,2
FUGC,images/FUGC/0062.png,FUGC/0062.png,3.5595920085906982,2
FUGC,images/FUGC/0240.png,FUGC/0240.png,3.554959774017334,2
FUGC,images/FUGC/0101.png,FUGC/0101.png,3.552764892578125,2
FUGC,images/FUGC/0175.png,FUGC/0175.png,3.546013355255127,2
FUGC,images/FUGC/0254.png,FUGC/0254.png,3.5267882347106934,2
FUGC,images/FUGC/0017.png,FUGC/0017.png,3.508354425430298,2
FUGC,images/FUGC/0070.png,FUGC/0070.png,3.4860446453094482,2
FUGC,images/FUGC/0116.png,FUGC/0116.png,3.4741086959838867,2
FUGC,images/FUGC/0104.png,FUGC/0104.png,3.4663476943969727,2
FUGC,images/FUGC/0113.png,FUGC/0113.png,3.4610424041748047,2
FUGC,images/FUGC/0173.png,FUGC/0173.png,3.4410994052886963,2
FUGC,images/FUGC/0157.png,FUGC/0157.png,3.400895118713379,2
FUGC,images/FUGC/0069.png,FUGC/0069.png,3.386535406112671,2
FUGC,images/FUGC/0135.png,FUGC/0135.png,3.3819196224212646,2
FUGC,images/FUGC/0166.png,FUGC/0166.png,3.3524506092071533,2
FUGC,images/FUGC/0115.png,FUGC/0115.png,3.348500967025757,2
FUGC,images/FUGC/0084.png,FUGC/0084.png,3.347480297088623,2
FUGC,images/FUGC/0219.png,FUGC/0219.png,3.3281853199005127,2
FUGC,images/FUGC/0081.png,FUGC/0081.png,3.3013644218444824,2
FUGC,images/FUGC/0147.png,FUGC/0147.png,3.299258232116699,2
FUGC,images/FUGC/0198.png,FUGC/0198.png,3.2937676906585693,2
FUGC,images/FUGC/0202.png,FUGC/0202.png,3.279855251312256,2
FUGC,images/FUGC/0112.png,FUGC/0112.png,3.2738640308380127,2
FUGC,images/FUGC/0137.png,FUGC/0137.png,3.2594494819641113,2
FUGC,images/FUGC/0206.png,FUGC/0206.png,3.2474207878112793,2
FUGC,images/FUGC/0201.png,FUGC/0201.png,3.2440264225006104,2
FUGC,images/FUGC/0117.png,FUGC/0117.png,3.2387378215789795,2
FUGC,images/FUGC/0009.png,FUGC/0009.png,3.237484931945801,2
FUGC,images/FUGC/0051.png,FUGC/0051.png,3.208984375,2
FUGC,images/FUGC/0205.png,FUGC/0205.png,3.2048776149749756,2
FUGC,images/FUGC/0238.png,FUGC/0238.png,3.202625274658203,2
FUGC,images/FUGC/0221.png,FUGC/0221.png,3.2008438110351562,2
FUGC,images/FUGC/0130.png,FUGC/0130.png,3.18203067779541,2
FUGC,images/FUGC/0233.png,FUGC/0233.png,3.171447277069092,2
FUGC,images/FUGC/0107.png,FUGC/0107.png,3.16382098197937,2
FUGC,images/FUGC/0224.png,FUGC/0224.png,3.128753185272217,2
FUGC,images/FUGC/0093.png,FUGC/0093.png,3.1272177696228027,2
FUGC,images/FUGC/0161.png,FUGC/0161.png,3.125145196914673,2
FUGC,images/FUGC/0015.png,FUGC/0015.png,3.123223304748535,2
FUGC,images/FUGC/0242.png,FUGC/0242.png,3.1172847747802734,2
FUGC,images/FUGC/0055.png,FUGC/0055.png,3.1085660457611084,2
FUGC,images/FUGC/0071.png,FUGC/0071.png,3.1074633598327637,2
FUGC,images/FUGC/0048.png,FUGC/0048.png,3.0852322578430176,2
FUGC,images/FUGC/0119.png,FUGC/0119.png,3.075117588043213,2
FUGC,images/FUGC/0028.png,FUGC/0028.png,3.072303295135498,2
FUGC,images/FUGC/0066.png,FUGC/0066.png,3.046381950378418,2
FUGC,images/FUGC/0222.png,FUGC/0222.png,3.0217814445495605,2
FUGC,images/FUGC/0061.png,FUGC/0061.png,3.015944719314575,2
FUGC,images/FUGC/0168.png,FUGC/0168.png,2.9932758808135986,2
FUGC,images/FUGC/0244.png,FUGC/0244.png,2.9887990951538086,2
FUGC,images/FUGC/0230.png,FUGC/0230.png,2.9885878562927246,2
FUGC,images/FUGC/0151.png,FUGC/0151.png,2.9843034744262695,2
FUGC,images/FUGC/0127.png,FUGC/0127.png,2.9627885818481445,2
FUGC,images/FUGC/0075.png,FUGC/0075.png,2.961561679840088,2
FUGC,images/FUGC/0057.png,FUGC/0057.png,2.956331491470337,2
FUGC,images/FUGC/0008.png,FUGC/0008.png,2.9346773624420166,2
FUGC,images/FUGC/0025.png,FUGC/0025.png,2.9252336025238037,2
FUGC,images/FUGC/0204.png,FUGC/0204.png,2.9024031162261963,2
FUGC,images/FUGC/0006.png,FUGC/0006.png,2.9003677368164062,2
FUGC,images/FUGC/0182.png,FUGC/0182.png,2.8998868465423584,2
FUGC,images/FUGC/0039.png,FUGC/0039.png,2.8987488746643066,2
FUGC,images/FUGC/0162.png,FUGC/0162.png,2.890141248703003,2
FUGC,images/FUGC/0136.png,FUGC/0136.png,2.8791449069976807,2
FUGC,images/FUGC/0045.png,FUGC/0045.png,2.862169027328491,2
FUGC,images/FUGC/0207.png,FUGC/0207.png,2.860109329223633,2
FUGC,images/FUGC/0171.png,FUGC/0171.png,2.850703716278076,2
FUGC,images/FUGC/0098.png,FUGC/0098.png,2.846342086791992,2
FUGC,images/FUGC/0141.png,FUGC/0141.png,2.8283209800720215,2
FUGC,images/FUGC/0063.png,FUGC/0063.png,2.7913296222686768,2
FUGC,images/FUGC/0091.png,FUGC/0091.png,2.7453806400299072,2
FUGC,images/FUGC/0083.png,FUGC/0083.png,2.730365753173828,2
FUGC,images/FUGC/0196.png,FUGC/0196.png,2.7148942947387695,2
FUGC,images/FUGC/0184.png,FUGC/0184.png,2.661167621612549,2
FUGC,images/FUGC/0249.png,FUGC/0249.png,2.64811635017395,2
FUGC,images/FUGC/0235.png,FUGC/0235.png,2.610588312149048,2
FUGC,images/FUGC/0203.png,FUGC/0203.png,2.6057751178741455,2
FUGC,images/FUGC/0074.png,FUGC/0074.png,2.575985908508301,2
FUGC,images/FUGC/0246.png,FUGC/0246.png,2.575234889984131,2
FUGC,images/FUGC/0248.png,FUGC/0248.png,2.57381534576416,2
FUGC,images/FUGC/0030.png,FUGC/0030.png,2.5544440746307373,2
FUGC,images/FUGC/0258.png,FUGC/0258.png,2.5491459369659424,2
FUGC,images/FUGC/0153.png,FUGC/0153.png,2.541642427444458,2
FUGC,images/FUGC/0167.png,FUGC/0167.png,2.53729248046875,2
FUGC,images/FUGC/0243.png,FUGC/0243.png,2.5336921215057373,2
FUGC,images/FUGC/0181.png,FUGC/0181.png,2.50050687789917,2
FUGC,images/FUGC/0174.png,FUGC/0174.png,2.500408411026001,2
FUGC,images/FUGC/0072.png,FUGC/0072.png,2.44614577293396,2
FUGC,images/FUGC/0134.png,FUGC/0134.png,2.444305181503296,2
FUGC,images/FUGC/0067.png,FUGC/0067.png,2.4383597373962402,2
FUGC,images/FUGC/0253.png,FUGC/0253.png,2.418586492538452,2
FUGC,images/FUGC/0154.png,FUGC/0154.png,2.4081246852874756,2
FUGC,images/FUGC/0044.png,FUGC/0044.png,2.3975508213043213,2
FUGC,images/FUGC/0155.png,FUGC/0155.png,2.385906457901001,2
FUGC,images/FUGC/0076.png,FUGC/0076.png,2.3834550380706787,2
FUGC,images/FUGC/0021.png,FUGC/0021.png,2.3539273738861084,2
FUGC,images/FUGC/0012.png,FUGC/0012.png,2.316753387451172,2
FUGC,images/FUGC/0132.png,FUGC/0132.png,2.305327892303467,2
FUGC,images/FUGC/0223.png,FUGC/0223.png,2.2965641021728516,2
FUGC,images/FUGC/0126.png,FUGC/0126.png,2.2800121307373047,2
FUGC,images/FUGC/0210.png,FUGC/0210.png,2.2770168781280518,2
FUGC,images/FUGC/0229.png,FUGC/0229.png,2.273678779602051,2
FUGC,images/FUGC/0191.png,FUGC/0191.png,2.272087812423706,2
FUGC,images/FUGC/0064.png,FUGC/0064.png,2.2477049827575684,2
FUGC,images/FUGC/0164.png,FUGC/0164.png,2.223273277282715,2
FUGC,images/FUGC/0053.png,FUGC/0053.png,2.214818000793457,2
FUGC,images/FUGC/0158.png,FUGC/0158.png,2.1308140754699707,2
FUGC,images/FUGC/0129.png,FUGC/0129.png,2.1296303272247314,2
FUGC,images/FUGC/0011.png,FUGC/0011.png,2.0825822353363037,2
FUGC,images/FUGC/0099.png,FUGC/0099.png,2.0565404891967773,2
FUGC,images/FUGC/0049.png,FUGC/0049.png,2.0330095291137695,2
FUGC,images/FUGC/0004.png,FUGC/0004.png,2.0258984565734863,2
FUGC,images/FUGC/0089.png,FUGC/0089.png,2.0256927013397217,2
FUGC,images/FUGC/0108.png,FUGC/0108.png,2.009066104888916,2
FUGC,images/FUGC/0060.png,FUGC/0060.png,1.997305154800415,2
FUGC,images/FUGC/0159.png,FUGC/0159.png,1.9917991161346436,2
FUGC,images/FUGC/0128.png,FUGC/0128.png,1.9794244766235352,2
FUGC,images/FUGC/0058.png,FUGC/0058.png,1.9439300298690796,2
FUGC,images/FUGC/0094.png,FUGC/0094.png,1.9403717517852783,2
FUGC,images/FUGC/0090.png,FUGC/0090.png,1.9201362133026123,2
FUGC,images/FUGC/0079.png,FUGC/0079.png,1.8908783197402954,2
FUGC,images/FUGC/0133.png,FUGC/0133.png,1.8865317106246948,2
FUGC,images/FUGC/0234.png,FUGC/0234.png,1.81550931930542,2
FUGC,images/FUGC/0208.png,FUGC/0208.png,1.707169532775879,2
FUGC,images/FUGC/0022.png,FUGC/0022.png,1.691935420036316,2
FUGC,images/FUGC/0237.png,FUGC/0237.png,1.6284356117248535,2
FUGC,images/FUGC/0139.png,FUGC/0139.png,1.6108791828155518,2
FUGC,images/FUGC/0003.png,FUGC/0003.png,1.4299973249435425,2
FUGC,images/FUGC/0211.png,FUGC/0211.png,1.329516887664795,2
FUGC,images/FUGC/0145.png,FUGC/0145.png,1.2805029153823853,2
FUGC,images/FUGC/0095.png,FUGC/0095.png,1.1556235551834106,2
FUGC,images/FUGC/0032.png,FUGC/0032.png,1.113718032836914,2
FUGC,images/FUGC/0252.png,FUGC/0252.png,1.0007716417312622,2
HC,images/HC/002_HC.png,HC/002_HC.png,362.222412109375,4
HC,images/HC/000_HC.png,HC/000_HC.png,337.75799560546875,4
HC,images/HC/010_HC.png,HC/010_HC.png,290.10205078125,4
HC,images/HC/127_HC.png,HC/127_HC.png,258.3033447265625,4
HC,images/HC/751_2HC.png,HC/751_2HC.png,230.4576873779297,4
HC,images/HC/022_2HC.png,HC/022_2HC.png,216.91917419433594,4
HC,images/HC/005_HC.png,HC/005_HC.png,201.75416564941406,4
HC,images/HC/173_HC.png,HC/173_HC.png,189.77325439453125,4
HC,images/HC/082_2HC.png,HC/082_2HC.png,158.76669311523438,4
HC,images/HC/094_HC.png,HC/094_HC.png,146.39877319335938,4
HC,images/HC/753_HC.png,HC/753_HC.png,130.39495849609375,4
HC,images/HC/088_2HC.png,HC/088_2HC.png,129.85971069335938,4
HC,images/HC/067_HC.png,HC/067_HC.png,128.44613647460938,4
HC,images/HC/003_HC.png,HC/003_HC.png,127.43665313720703,4
HC,images/HC/133_4HC.png,HC/133_4HC.png,122.21469116210938,4
HC,images/HC/117_HC.png,HC/117_HC.png,101.21397399902344,4
HC,images/HC/174_HC.png,HC/174_HC.png,101.07942199707031,4
HC,images/HC/668_HC.png,HC/668_HC.png,95.86447143554688,4
HC,images/HC/026_2HC.png,HC/026_2HC.png,94.94973754882812,4
HC,images/HC/447_HC.png,HC/447_HC.png,91.07804870605469,4
HC,images/HC/001_HC.png,HC/001_HC.png,86.71652221679688,4
HC,images/HC/053_HC.png,HC/053_HC.png,80.76419067382812,4
HC,images/HC/052_HC.png,HC/052_HC.png,76.94146728515625,4
HC,images/HC/017_2HC.png,HC/017_2HC.png,76.92567443847656,4
HC,images/HC/011_HC.png,HC/011_HC.png,69.28843688964844,4
HC,images/HC/026_HC.png,HC/026_HC.png,67.35638427734375,4
HC,images/HC/022_HC.png,HC/022_HC.png,65.91633605957031,4
HC,images/HC/031_HC.png,HC/031_HC.png,65.61930084228516,4
HC,images/HC/058_HC.png,HC/058_HC.png,64.6375961303711,4
HC,images/HC/024_HC.png,HC/024_HC.png,63.72467803955078,4
HC,images/HC/088_HC.png,HC/088_HC.png,60.46406555175781,4
HC,images/HC/012_HC.png,HC/012_HC.png,57.91511535644531,4
HC,images/HC/096_HC.png,HC/096_HC.png,55.47341537475586,4
HC,images/HC/032_2HC.png,HC/032_2HC.png,55.132469177246094,4
HC,images/HC/182_HC.png,HC/182_HC.png,54.93141555786133,4
HC,images/HC/100_2HC.png,HC/100_2HC.png,54.6617546081543,4
HC,images/HC/032_HC.png,HC/032_HC.png,54.44032287597656,4
HC,images/HC/063_HC.png,HC/063_HC.png,53.074520111083984,4
HC,images/HC/114_HC.png,HC/114_HC.png,52.614219665527344,4
HC,images/HC/019_2HC.png,HC/019_2HC.png,52.35511779785156,4
HC,images/HC/637_HC.png,HC/637_HC.png,50.644039154052734,4
HC,images/HC/187_HC.png,HC/187_HC.png,49.85552978515625,4
HC,images/HC/007_HC.png,HC/007_HC.png,48.574607849121094,4
HC,images/HC/166_HC.png,HC/166_HC.png,46.240840911865234,4
HC,images/HC/047_HC.png,HC/047_HC.png,45.14863967895508,4
HC,images/HC/108_HC.png,HC/108_HC.png,44.42441177368164,4
HC,images/HC/023_2HC.png,HC/023_2HC.png,44.26427459716797,4
HC,images/HC/071_HC.png,HC/071_HC.png,43.58619689941406,4
HC,images/HC/681_HC.png,HC/681_HC.png,42.75756072998047,4
HC,images/HC/654_HC.png,HC/654_HC.png,41.57426071166992,4
HC,images/HC/110_HC.png,HC/110_HC.png,40.92277526855469,4
HC,images/HC/733_HC.png,HC/733_HC.png,40.788753509521484,4
HC,images/HC/008_HC.png,HC/008_HC.png,40.01277542114258,4
HC,images/HC/082_HC.png,HC/082_HC.png,39.86881637573242,4
HC,images/HC/160_HC.png,HC/160_HC.png,38.08126449584961,4
HC,images/HC/764_HC.png,HC/764_HC.png,37.010311126708984,4
HC,images/HC/226_HC.png,HC/226_HC.png,32.379974365234375,4
HC,images/HC/392_2HC.png,HC/392_2HC.png,32.05739212036133,4
HC,images/HC/392_3HC.png,HC/392_3HC.png,32.05739212036133,4
HC,images/HC/392_HC.png,HC/392_HC.png,32.05739212036133,4
HC,images/HC/444_2HC.png,HC/444_2HC.png,31.017637252807617,4
HC,images/HC/258_HC.png,HC/258_HC.png,30.82585906982422,4
HC,images/HC/664_HC.png,HC/664_HC.png,30.748119354248047,4
HC,images/HC/064_HC.png,HC/064_HC.png,30.00261878967285,4
HC,images/HC/627_HC.png,HC/627_HC.png,29.5837459564209,4
HC,images/HC/227_HC.png,HC/227_HC.png,29.345443725585938,4
HC,images/HC/287_HC.png,HC/287_HC.png,29.13286018371582,4
HC,images/HC/360_HC.png,HC/360_HC.png,29.060047149658203,4
HC,images/HC/782_HC.png,HC/782_HC.png,28.809612274169922,4
HC,images/HC/311_HC.png,HC/311_HC.png,28.41278839111328,4
HC,images/HC/308_HC.png,HC/308_HC.png,27.26409339904785,4
HC,images/HC/352_2HC.png,HC/352_2HC.png,26.9736385345459,4
HC,images/HC/137_HC.png,HC/137_HC.png,26.628108978271484,4
HC,images/HC/506_HC.png,HC/506_HC.png,26.5433349609375,4
HC,images/HC/535_HC.png,HC/535_HC.png,26.305593490600586,4
HC,images/HC/796_HC.png,HC/796_HC.png,26.229408264160156,4
HC,images/HC/780_HC.png,HC/780_HC.png,25.721960067749023,4
HC,images/HC/628_2HC.png,HC/628_2HC.png,25.19867706298828,4
HC,images/HC/291_HC.png,HC/291_HC.png,24.962453842163086,4
HC,images/HC/613_HC.png,HC/613_HC.png,24.268009185791016,4
HC,images/HC/128_HC.png,HC/128_HC.png,23.805513381958008,4
HC,images/HC/069_HC.png,HC/069_HC.png,23.684242248535156,4
HC,images/HC/766_HC.png,HC/766_HC.png,23.061681747436523,4
HC,images/HC/154_HC.png,HC/154_HC.png,22.701099395751953,4
HC,images/HC/115_HC.png,HC/115_HC.png,22.646713256835938,4
HC,images/HC/015_HC.png,HC/015_HC.png,22.645435333251953,4
HC,images/HC/741_HC.png,HC/741_HC.png,22.421024322509766,4
HC,images/HC/083_HC.png,HC/083_HC.png,21.802248001098633,4
HC,images/HC/202_HC.png,HC/202_HC.png,21.793807983398438,4
HC,images/HC/721_HC.png,HC/721_HC.png,21.752283096313477,4
HC,images/HC/696_HC.png,HC/696_HC.png,21.679832458496094,4
HC,images/HC/743_HC.png,HC/743_HC.png,21.60428237915039,4
HC,images/HC/075_HC.png,HC/075_HC.png,21.585763931274414,4
HC,images/HC/147_HC.png,HC/147_HC.png,21.064878463745117,4
HC,images/HC/647_HC.png,HC/647_HC.png,20.685131072998047,4
HC,images/HC/035_HC.png,HC/035_HC.png,20.369346618652344,4
HC,images/HC/144_2HC.png,HC/144_2HC.png,20.347326278686523,4
HC,images/HC/272_HC.png,HC/272_HC.png,19.615116119384766,4
HC,images/HC/025_HC.png,HC/025_HC.png,19.587112426757812,4
HC,images/HC/175_HC.png,HC/175_HC.png,19.554622650146484,4
HC,images/HC/239_HC.png,HC/239_HC.png,19.463027954101562,4
HC,images/HC/452_HC.png,HC/452_HC.png,19.289161682128906,4
HC,images/HC/130_HC.png,HC/130_HC.png,19.19009780883789,4
HC,images/HC/369_HC.png,HC/369_HC.png,19.1121768951416,4
HC,images/HC/044_HC.png,HC/044_HC.png,18.998565673828125,4
HC,images/HC/277_HC.png,HC/277_HC.png,18.965167999267578,4
HC,images/HC/693_HC.png,HC/693_HC.png,18.843599319458008,4
HC,images/HC/126_2HC.png,HC/126_2HC.png,18.802024841308594,4
HC,images/HC/631_HC.png,HC/631_HC.png,18.67648696899414,4
HC,images/HC/632_HC.png,HC/632_HC.png,17.896533966064453,4
HC,images/HC/622_HC.png,HC/622_HC.png,17.54364585876465,4
HC,images/HC/296_HC.png,HC/296_HC.png,17.514636993408203,4
HC,images/HC/675_HC.png,HC/675_HC.png,17.462432861328125,4
HC,images/HC/123_HC.png,HC/123_HC.png,17.25494956970215,4
HC,images/HC/790_HC.png,HC/790_HC.png,17.16712188720703,4
HC,images/HC/093_2HC.png,HC/093_2HC.png,17.159996032714844,4
HC,images/HC/434_2HC.png,HC/434_2HC.png,17.115270614624023,4
HC,images/HC/677_2HC.png,HC/677_2HC.png,17.035945892333984,4
HC,images/HC/279_HC.png,HC/279_HC.png,16.93577003479004,4
HC,images/HC/243_2HC.png,HC/243_2HC.png,16.886920928955078,4
HC,images/HC/180_HC.png,HC/180_HC.png,16.82715606689453,4
HC,images/HC/119_HC.png,HC/119_HC.png,16.779050827026367,4
HC,images/HC/164_2HC.png,HC/164_2HC.png,16.572784423828125,4
HC,images/HC/561_HC.png,HC/561_HC.png,16.501787185668945,4
HC,images/HC/446_HC.png,HC/446_HC.png,16.50126075744629,4
HC,images/HC/045_HC.png,HC/045_HC.png,16.451404571533203,4
HC,images/HC/613_2HC.png,HC/613_2HC.png,16.381877899169922,4
HC,images/HC/422_HC.png,HC/422_HC.png,16.370899200439453,4
HC,images/HC/471_2HC.png,HC/471_2HC.png,16.010622024536133,4
HC,images/HC/486_HC.png,HC/486_HC.png,15.978269577026367,4
HC,images/HC/709_2HC.png,HC/709_2HC.png,15.920047760009766,4
HC,images/HC/410_2HC.png,HC/410_2HC.png,15.833706855773926,4
HC,images/HC/260_2HC.png,HC/260_2HC.png,15.809232711791992,4
HC,images/HC/774_HC.png,HC/774_HC.png,15.787092208862305,4
HC,images/HC/426_2HC.png,HC/426_2HC.png,15.754642486572266,4
HC,images/HC/060_HC.png,HC/060_HC.png,15.637796401977539,4
HC,images/HC/066_2HC.png,HC/066_2HC.png,15.608972549438477,4
HC,images/HC/538_HC.png,HC/538_HC.png,15.369767189025879,4
HC,images/HC/033_HC.png,HC/033_HC.png,15.288307189941406,4
HC,images/HC/068_HC.png,HC/068_HC.png,15.22535514831543,4
HC,images/HC/500_HC.png,HC/500_HC.png,15.219915390014648,4
HC,images/HC/156_HC.png,HC/156_HC.png,15.218015670776367,4
HC,images/HC/042_HC.png,HC/042_HC.png,15.046490669250488,4
HC,images/HC/617_HC.png,HC/617_HC.png,14.906610488891602,4
HC,images/HC/343_HC.png,HC/343_HC.png,14.874265670776367,4
HC,images/HC/014_2HC.png,HC/014_2HC.png,14.831951141357422,4
HC,images/HC/340_2HC.png,HC/340_2HC.png,14.709859848022461,4
HC,images/HC/341_HC.png,HC/341_HC.png,14.67255973815918,4
HC,images/HC/265_HC.png,HC/265_HC.png,14.642663955688477,4
HC,images/HC/324_HC.png,HC/324_HC.png,14.619722366333008,4
HC,images/HC/482_2HC.png,HC/482_2HC.png,14.605749130249023,4
HC,images/HC/004_HC.png,HC/004_HC.png,14.575786590576172,4
HC,images/HC/779_2HC.png,HC/779_2HC.png,14.543243408203125,4
HC,images/HC/435_HC.png,HC/435_HC.png,14.53195571899414,4
HC,images/HC/787_HC.png,HC/787_HC.png,14.410744667053223,4
HC,images/HC/370_HC.png,HC/370_HC.png,14.353063583374023,4
HC,images/HC/464_HC.png,HC/464_HC.png,14.279485702514648,4
HC,images/HC/525_HC.png,HC/525_HC.png,14.278108596801758,4
HC,images/HC/350_HC.png,HC/350_HC.png,14.270931243896484,4
HC,images/HC/768_2HC.png,HC/768_2HC.png,14.227523803710938,4
HC,images/HC/363_HC.png,HC/363_HC.png,14.157379150390625,4
HC,images/HC/731_3HC.png,HC/731_3HC.png,14.104710578918457,4
HC,images/HC/509_HC.png,HC/509_HC.png,14.052939414978027,4
HC,images/HC/290_HC.png,HC/290_HC.png,13.908838272094727,4
HC,images/HC/135_HC.png,HC/135_HC.png,13.85942554473877,4
HC,images/HC/532_HC.png,HC/532_HC.png,13.810523986816406,4
HC,images/HC/399_HC.png,HC/399_HC.png,13.704561233520508,4
HC,images/HC/613_3HC.png,HC/613_3HC.png,13.67874813079834,4
HC,images/HC/775_HC.png,HC/775_HC.png,13.647735595703125,4
HC,images/HC/652_HC.png,HC/652_HC.png,13.642478942871094,4
HC,images/HC/254_HC.png,HC/254_HC.png,13.636560440063477,4
HC,images/HC/193_2HC.png,HC/193_2HC.png,13.586726188659668,4
HC,images/HC/450_HC.png,HC/450_HC.png,13.580099105834961,4
HC,images/HC/280_HC.png,HC/280_HC.png,13.514699935913086,4
HC,images/HC/471_HC.png,HC/471_HC.png,13.290926933288574,4
HC,images/HC/020_HC.png,HC/020_HC.png,13.21826457977295,4
HC,images/HC/192_2HC.png,HC/192_2HC.png,13.194204330444336,4
HC,images/HC/479_HC.png,HC/479_HC.png,13.174739837646484,4
HC,images/HC/571_HC.png,HC/571_HC.png,13.172561645507812,4
HC,images/HC/068_2HC.png,HC/068_2HC.png,13.138774871826172,4
HC,images/HC/479_2HC.png,HC/479_2HC.png,13.027765274047852,4
HC,images/HC/686_HC.png,HC/686_HC.png,13.004411697387695,4
HC,images/HC/749_HC.png,HC/749_HC.png,12.976753234863281,4
HC,images/HC/033_2HC.png,HC/033_2HC.png,12.969579696655273,4
HC,images/HC/126_HC.png,HC/126_HC.png,12.769609451293945,4
HC,images/HC/655_HC.png,HC/655_HC.png,12.769291877746582,4
HC,images/HC/426_3HC.png,HC/426_3HC.png,12.729591369628906,4
HC,images/HC/201_HC.png,HC/201_HC.png,12.667562484741211,4
HC,images/HC/568_HC.png,HC/568_HC.png,12.600281715393066,4
HC,images/HC/240_HC.png,HC/240_HC.png,12.50998592376709,4
HC,images/HC/707_HC.png,HC/707_HC.png,12.38083553314209,4
HC,images/HC/249_HC.png,HC/249_HC.png,12.364608764648438,4
HC,images/HC/504_HC.png,HC/504_HC.png,12.334978103637695,4
HC,images/HC/274_HC.png,HC/274_HC.png,12.304043769836426,4
HC,images/HC/325_HC.png,HC/325_HC.png,12.227730751037598,4
HC,images/HC/415_HC.png,HC/415_HC.png,12.139066696166992,4
HC,images/HC/729_HC.png,HC/729_HC.png,12.124317169189453,4
HC,images/HC/555_HC.png,HC/555_HC.png,12.05398941040039,4
HC,images/HC/329_HC.png,HC/329_HC.png,12.028972625732422,4
HC,images/HC/575_HC.png,HC/575_HC.png,12.014270782470703,4
HC,images/HC/426_4HC.png,HC/426_4HC.png,12.002346992492676,4
HC,images/HC/482_3HC.png,HC/482_3HC.png,11.857120513916016,4
HC,images/HC/417_HC.png,HC/417_HC.png,11.81442642211914,4
HC,images/HC/218_HC.png,HC/218_HC.png,11.674199104309082,4
HC,images/HC/376_HC.png,HC/376_HC.png,11.634204864501953,4
HC,images/HC/716_HC.png,HC/716_HC.png,11.618160247802734,4
HC,images/HC/801_HC.png,HC/801_HC.png,11.60886001586914,4
HC,images/HC/780_2HC.png,HC/780_2HC.png,11.533243179321289,4
HC,images/HC/541_HC.png,HC/541_HC.png,11.50401782989502,4
HC,images/HC/440_2HC.png,HC/440_2HC.png,11.439549446105957,4
HC,images/HC/235_HC.png,HC/235_HC.png,11.391570091247559,4
HC,images/HC/455_HC.png,HC/455_HC.png,11.335168838500977,4
HC,images/HC/028_HC.png,HC/028_HC.png,11.325088500976562,4
HC,images/HC/190_HC.png,HC/190_HC.png,11.2715482711792,4
HC,images/HC/484_HC.png,HC/484_HC.png,11.268819808959961,4
HC,images/HC/133_2HC.png,HC/133_2HC.png,11.19981575012207,4
HC,images/HC/547_HC.png,HC/547_HC.png,11.190668106079102,4
HC,images/HC/158_HC.png,HC/158_HC.png,11.170989990234375,4
HC,images/HC/195_2HC.png,HC/195_2HC.png,11.053293228149414,4
HC,images/HC/210_2HC.png,HC/210_2HC.png,11.03127384185791,4
HC,images/HC/404_HC.png,HC/404_HC.png,11.016645431518555,4
HC,images/HC/420_HC.png,HC/420_HC.png,11.002625465393066,4
HC,images/HC/746_3HC.png,HC/746_3HC.png,10.923334121704102,4
HC,images/HC/593_HC.png,HC/593_HC.png,10.893898010253906,4
HC,images/HC/331_HC.png,HC/331_HC.png,10.836581230163574,4
HC,images/HC/690_HC.png,HC/690_HC.png,10.832207679748535,4
HC,images/HC/755_HC.png,HC/755_HC.png,10.805410385131836,4
HC,images/HC/161_HC.png,HC/161_HC.png,10.787249565124512,4
HC,images/HC/318_HC.png,HC/318_HC.png,10.782793045043945,4
HC,images/HC/556_HC.png,HC/556_HC.png,10.768863677978516,4
HC,images/HC/672_HC.png,HC/672_HC.png,10.725175857543945,4
HC,images/HC/385_HC.png,HC/385_HC.png,10.679174423217773,4
HC,images/HC/396_HC.png,HC/396_HC.png,10.539196968078613,4
HC,images/HC/244_HC.png,HC/244_HC.png,10.489364624023438,4
HC,images/HC/220_HC.png,HC/220_HC.png,10.421590805053711,4
HC,images/HC/203_HC.png,HC/203_HC.png,10.403054237365723,4
HC,images/HC/380_HC.png,HC/380_HC.png,10.391478538513184,4
HC,images/HC/754_HC.png,HC/754_HC.png,10.389762878417969,4
HC,images/HC/124_HC.png,HC/124_HC.png,10.375347137451172,4
HC,images/HC/581_HC.png,HC/581_HC.png,10.332926750183105,4
HC,images/HC/429_HC.png,HC/429_HC.png,10.299100875854492,4
HC,images/HC/751_HC.png,HC/751_HC.png,10.259454727172852,4
HC,images/HC/656_HC.png,HC/656_HC.png,10.245567321777344,4
HC,images/HC/564_HC.png,HC/564_HC.png,10.2396240234375,4
HC,images/HC/437_HC.png,HC/437_HC.png,10.227472305297852,4
HC,images/HC/072_HC.png,HC/072_HC.png,10.209851264953613,4
HC,images/HC/195_HC.png,HC/195_HC.png,10.161993026733398,4
HC,images/HC/320_HC.png,HC/320_HC.png,10.093935012817383,4
HC,images/HC/680_HC.png,HC/680_HC.png,10.023001670837402,4
HC,images/HC/177_HC.png,HC/177_HC.png,9.96929931640625,4
HC,images/HC/470_HC.png,HC/470_HC.png,9.950313568115234,4
HC,images/HC/789_HC.png,HC/789_HC.png,9.937861442565918,4
HC,images/HC/030_HC.png,HC/030_HC.png,9.913553237915039,4
HC,images/HC/518_HC.png,HC/518_HC.png,9.907181739807129,4
HC,images/HC/412_HC.png,HC/412_HC.png,9.892074584960938,4
HC,images/HC/770_HC.png,HC/770_HC.png,9.841256141662598,4
HC,images/HC/485_HC.png,HC/485_HC.png,9.828484535217285,4
HC,images/HC/050_HC.png,HC/050_HC.png,9.826626777648926,4
HC,images/HC/376_2HC.png,HC/376_2HC.png,9.819774627685547,4
HC,images/HC/291_2HC.png,HC/291_2HC.png,9.759729385375977,4
HC,images/HC/784_HC.png,HC/784_HC.png,9.742009162902832,4
HC,images/HC/101_HC.png,HC/101_HC.png,9.711102485656738,4
HC,images/HC/219_HC.png,HC/219_HC.png,9.689033508300781,4
HC,images/HC/570_3HC.png,HC/570_3HC.png,9.68823528289795,4
HC,images/HC/210_HC.png,HC/210_HC.png,9.684585571289062,4
HC,images/HC/712_2HC.png,HC/712_2HC.png,9.6724271774292,4
HC,images/HC/133_HC.png,HC/133_HC.png,9.649206161499023,4
HC,images/HC/545_HC.png,HC/545_HC.png,9.632583618164062,4
HC,images/HC/704_HC.png,HC/704_HC.png,9.624578475952148,4
HC,images/HC/691_HC.png,HC/691_HC.png,9.616788864135742,4
HC,images/HC/482_HC.png,HC/482_HC.png,9.609652519226074,4
HC,images/HC/203_4HC.png,HC/203_4HC.png,9.602621078491211,4
HC,images/HC/527_HC.png,HC/527_HC.png,9.55406379699707,4
HC,images/HC/584_HC.png,HC/584_HC.png,9.542701721191406,4
HC,images/HC/646_HC.png,HC/646_HC.png,9.478840827941895,4
HC,images/HC/752_HC.png,HC/752_HC.png,9.415009498596191,4
HC,images/HC/194_HC.png,HC/194_HC.png,9.395891189575195,4
HC,images/HC/269_HC.png,HC/269_HC.png,9.378556251525879,4
HC,images/HC/605_HC.png,HC/605_HC.png,9.369938850402832,4
HC,images/HC/230_2HC.png,HC/230_2HC.png,9.36148452758789,4
HC,images/HC/428_HC.png,HC/428_HC.png,9.331550598144531,4
HC,images/HC/377_HC.png,HC/377_HC.png,9.29527473449707,4
HC,images/HC/490_HC.png,HC/490_HC.png,9.273321151733398,4
HC,images/HC/319_HC.png,HC/319_HC.png,9.266868591308594,4
HC,images/HC/410_HC.png,HC/410_HC.png,9.260753631591797,4
HC,images/HC/120_HC.png,HC/120_HC.png,9.257902145385742,4
HC,images/HC/600_HC.png,HC/600_HC.png,9.227285385131836,4
HC,images/HC/397_HC.png,HC/397_HC.png,9.225608825683594,4
HC,images/HC/144_HC.png,HC/144_HC.png,9.199516296386719,4
HC,images/HC/312_HC.png,HC/312_HC.png,9.192344665527344,4
HC,images/HC/155_HC.png,HC/155_HC.png,9.185830116271973,4
HC,images/HC/054_HC.png,HC/054_HC.png,9.160149574279785,4
HC,images/HC/355_HC.png,HC/355_HC.png,9.151212692260742,4
HC,images/HC/462_HC.png,HC/462_HC.png,9.142581939697266,4
HC,images/HC/558_HC.png,HC/558_HC.png,9.13467788696289,4
HC,images/HC/665_HC.png,HC/665_HC.png,9.124969482421875,4
HC,images/HC/253_HC.png,HC/253_HC.png,9.113739967346191,4
HC,images/HC/785_2HC.png,HC/785_2HC.png,9.087850570678711,4
HC,images/HC/736_HC.png,HC/736_HC.png,9.042529106140137,4
HC,images/HC/200_HC.png,HC/200_HC.png,9.035553932189941,4
HC,images/HC/794_HC.png,HC/794_HC.png,9.031219482421875,4
HC,images/HC/746_4HC.png,HC/746_4HC.png,8.967133522033691,4
HC,images/HC/620_HC.png,HC/620_HC.png,8.946685791015625,4
HC,images/HC/671_2HC.png,HC/671_2HC.png,8.937835693359375,4
HC,images/HC/340_HC.png,HC/340_HC.png,8.935644149780273,4
HC,images/HC/390_HC.png,HC/390_HC.png,8.908788681030273,4
HC,images/HC/192_HC.png,HC/192_HC.png,8.902665138244629,4
HC,images/HC/266_HC.png,HC/266_HC.png,8.880918502807617,4
HC,images/HC/304_HC.png,HC/304_HC.png,8.856246948242188,4
HC,images/HC/152_HC.png,HC/152_HC.png,8.813772201538086,4
HC,images/HC/061_HC.png,HC/061_HC.png,8.780454635620117,4
HC,images/HC/132_HC.png,HC/132_HC.png,8.779343605041504,4
HC,images/HC/725_2HC.png,HC/725_2HC.png,8.765244483947754,4
HC,images/HC/563_HC.png,HC/563_HC.png,8.736064910888672,4
HC,images/HC/141_2HC.png,HC/141_2HC.png,8.722738265991211,4
HC,images/HC/373_HC.png,HC/373_HC.png,8.70174789428711,4
HC,images/HC/714_HC.png,HC/714_HC.png,8.693955421447754,4
HC,images/HC/283_HC.png,HC/283_HC.png,8.660655975341797,4
HC,images/HC/549_HC.png,HC/549_HC.png,8.638724327087402,4
HC,images/HC/596_HC.png,HC/596_HC.png,8.632688522338867,4
HC,images/HC/278_2HC.png,HC/278_2HC.png,8.627689361572266,4
HC,images/HC/458_HC.png,HC/458_HC.png,8.62183952331543,4
HC,images/HC/777_HC.png,HC/777_HC.png,8.602384567260742,4
HC,images/HC/073_HC.png,HC/073_HC.png,8.568479537963867,4
HC,images/HC/586_HC.png,HC/586_HC.png,8.562295913696289,4
HC,images/HC/592_HC.png,HC/592_HC.png,8.557601928710938,4
HC,images/HC/138_HC.png,HC/138_HC.png,8.556234359741211,4
HC,images/HC/017_HC.png,HC/017_HC.png,8.52859115600586,4
HC,images/HC/788_HC.png,HC/788_HC.png,8.525389671325684,4
HC,images/HC/522_HC.png,HC/522_HC.png,8.508709907531738,4
HC,images/HC/276_2HC.png,HC/276_2HC.png,8.504922866821289,4
HC,images/HC/644_HC.png,HC/644_HC.png,8.492804527282715,4
HC,images/HC/649_HC.png,HC/649_HC.png,8.486688613891602,4
HC,images/HC/300_2HC.png,HC/300_2HC.png,8.485690116882324,4
HC,images/HC/305_HC.png,HC/305_HC.png,8.478069305419922,4
HC,images/HC/199_HC.png,HC/199_HC.png,8.472426414489746,4
HC,images/HC/393_HC.png,HC/393_HC.png,8.469423294067383,4
HC,images/HC/143_2HC.png,HC/143_2HC.png,8.447216987609863,4
HC,images/HC/282_HC.png,HC/282_HC.png,8.441451072692871,4
HC,images/HC/750_HC.png,HC/750_HC.png,8.432827949523926,4
HC,images/HC/178_2HC.png,HC/178_2HC.png,8.414301872253418,4
HC,images/HC/526_HC.png,HC/526_HC.png,8.407098770141602,4
HC,images/HC/425_HC.png,HC/425_HC.png,8.373233795166016,4
HC,images/HC/332_HC.png,HC/332_HC.png,8.365133285522461,4
HC,images/HC/092_HC.png,HC/092_HC.png,8.356061935424805,4
HC,images/HC/235_2HC.png,HC/235_2HC.png,8.351181983947754,4
HC,images/HC/111_HC.png,HC/111_HC.png,8.328998565673828,4
HC,images/HC/122_HC.png,HC/122_HC.png,8.322816848754883,4
HC,images/HC/443_HC.png,HC/443_HC.png,8.317222595214844,4
HC,images/HC/361_HC.png,HC/361_HC.png,8.300111770629883,4
HC,images/HC/243_3HC.png,HC/243_3HC.png,8.276556968688965,4
HC,images/HC/243_HC.png,HC/243_HC.png,8.276556968688965,4
HC,images/HC/532_2HC.png,HC/532_2HC.png,8.247712135314941,4
HC,images/HC/250_HC.png,HC/250_HC.png,8.230047225952148,4
HC,images/HC/572_HC.png,HC/572_HC.png,8.222772598266602,4
HC,images/HC/788_2HC.png,HC/788_2HC.png,8.172698974609375,4
HC,images/HC/334_HC.png,HC/334_HC.png,8.16771125793457,4
HC,images/HC/560_HC.png,HC/560_HC.png,8.149888038635254,4
HC,images/HC/492_HC.png,HC/492_HC.png,8.149042129516602,4
HC,images/HC/697_HC.png,HC/697_HC.png,8.146525382995605,4
HC,images/HC/796_2HC.png,HC/796_2HC.png,8.139572143554688,4
HC,images/HC/163_HC.png,HC/163_HC.png,8.138153076171875,4
HC,images/HC/508_HC.png,HC/508_HC.png,8.131230354309082,4
HC,images/HC/168_HC.png,HC/168_HC.png,8.124810218811035,4
HC,images/HC/371_HC.png,HC/371_HC.png,8.110684394836426,4
HC,images/HC/112_HC.png,HC/112_HC.png,8.102509498596191,4
HC,images/HC/561_2HC.png,HC/561_2HC.png,8.071587562561035,4
HC,images/HC/567_HC.png,HC/567_HC.png,8.067845344543457,4
HC,images/HC/638_HC.png,HC/638_HC.png,8.062947273254395,4
HC,images/HC/398_HC.png,HC/398_HC.png,8.061923027038574,4
HC,images/HC/663_HC.png,HC/663_HC.png,8.054242134094238,4
HC,images/HC/761_HC.png,HC/761_HC.png,8.022810935974121,4
HC,images/HC/657_HC.png,HC/657_HC.png,8.007858276367188,4
HC,images/HC/585_HC.png,HC/585_HC.png,7.989882469177246,4
HC,images/HC/635_HC.png,HC/635_HC.png,7.978167533874512,4
HC,images/HC/124_2HC.png,HC/124_2HC.png,7.9763712882995605,4
HC,images/HC/016_HC.png,HC/016_HC.png,7.972922325134277,4
HC,images/HC/578_HC.png,HC/578_HC.png,7.97091007232666,4
HC,images/HC/286_HC.png,HC/286_HC.png,7.969672203063965,4
HC,images/HC/233_HC.png,HC/233_HC.png,7.962998867034912,4
HC,images/HC/270_HC.png,HC/270_HC.png,7.942874908447266,4
HC,images/HC/667_HC.png,HC/667_HC.png,7.937206268310547,4
HC,images/HC/692_HC.png,HC/692_HC.png,7.936964988708496,4
HC,images/HC/769_HC.png,HC/769_HC.png,7.930600166320801,4
HC,images/HC/683_HC.png,HC/683_HC.png,7.929018974304199,4
HC,images/HC/232_HC.png,HC/232_HC.png,7.927781581878662,4
HC,images/HC/550_HC.png,HC/550_HC.png,7.921208381652832,4
HC,images/HC/206_HC.png,HC/206_HC.png,7.919566631317139,4
HC,images/HC/227_2HC.png,HC/227_2HC.png,7.916978359222412,4
HC,images/HC/542_HC.png,HC/542_HC.png,7.907651901245117,4
HC,images/HC/645_HC.png,HC/645_HC.png,7.893548488616943,4
HC,images/HC/687_HC.png,HC/687_HC.png,7.8912553787231445,4
HC,images/HC/179_HC.png,HC/179_HC.png,7.888711452484131,4
HC,images/HC/229_2HC.png,HC/229_2HC.png,7.885117053985596,4
HC,images/HC/176_HC.png,HC/176_HC.png,7.872799396514893,4
HC,images/HC/408_HC.png,HC/408_HC.png,7.872305393218994,4
HC,images/HC/333_HC.png,HC/333_HC.png,7.871531009674072,4
HC,images/HC/483_2HC.png,HC/483_2HC.png,7.870181083679199,4
HC,images/HC/399_2HC.png,HC/399_2HC.png,7.859744071960449,4
HC,images/HC/451_HC.png,HC/451_HC.png,7.85882568359375,4
HC,images/HC/739_HC.png,HC/739_HC.png,7.858458518981934,4
HC,images/HC/391_HC.png,HC/391_HC.png,7.847031593322754,4
HC,images/HC/432_HC.png,HC/432_HC.png,7.841086387634277,4
HC,images/HC/230_HC.png,HC/230_HC.png,7.839393615722656,4
HC,images/HC/569_HC.png,HC/569_HC.png,7.82218074798584,4
HC,images/HC/580_HC.png,HC/580_HC.png,7.813114166259766,4
HC,images/HC/048_HC.png,HC/048_HC.png,7.803922653198242,4
HC,images/HC/146_HC.png,HC/146_HC.png,7.787661552429199,4
HC,images/HC/740_HC.png,HC/740_HC.png,7.782827377319336,4
HC,images/HC/597_HC.png,HC/597_HC.png,7.714876651763916,4
HC,images/HC/487_HC.png,HC/487_HC.png,7.704716205596924,4
HC,images/HC/677_HC.png,HC/677_HC.png,7.703999996185303,4
HC,images/HC/803_HC.png,HC/803_HC.png,7.694854736328125,4
HC,images/HC/162_HC.png,HC/162_HC.png,7.689853668212891,4
HC,images/HC/431_2HC.png,HC/431_2HC.png,7.685580253601074,4
HC,images/HC/633_HC.png,HC/633_HC.png,7.672534942626953,4
HC,images/HC/302_HC.png,HC/302_HC.png,7.6338396072387695,4
HC,images/HC/548_HC.png,HC/548_HC.png,7.6136369705200195,4
HC,images/HC/338_HC.png,HC/338_HC.png,7.596926212310791,4
HC,images/HC/285_HC.png,HC/285_HC.png,7.580247402191162,4
HC,images/HC/599_HC.png,HC/599_HC.png,7.573108673095703,4
HC,images/HC/353_HC.png,HC/353_HC.png,7.559576511383057,4
HC,images/HC/490_2HC.png,HC/490_2HC.png,7.559439659118652,4
HC,images/HC/231_HC.png,HC/231_HC.png,7.553343772888184,4
HC,images/HC/275_HC.png,HC/275_HC.png,7.549358367919922,4
HC,images/HC/688_HC.png,HC/688_HC.png,7.546217441558838,4
HC,images/HC/673_HC.png,HC/673_HC.png,7.543582916259766,4
HC,images/HC/322_HC.png,HC/322_HC.png,7.5421552658081055,4
HC,images/HC/284_HC.png,HC/284_HC.png,7.541985034942627,4
HC,images/HC/297_HC.png,HC/297_HC.png,7.526208877563477,4
HC,images/HC/306_HC.png,HC/306_HC.png,7.506629943847656,4
HC,images/HC/164_HC.png,HC/164_HC.png,7.5017781257629395,4
HC,images/HC/351_HC.png,HC/351_HC.png,7.501190185546875,4
HC,images/HC/076_HC.png,HC/076_HC.png,7.477022171020508,4
HC,images/HC/759_HC.png,HC/759_HC.png,7.474038124084473,4
HC,images/HC/467_HC.png,HC/467_HC.png,7.454257011413574,4
HC,images/HC/630_HC.png,HC/630_HC.png,7.450135231018066,4
HC,images/HC/027_HC.png,HC/027_HC.png,7.448280334472656,4
HC,images/HC/367_HC.png,HC/367_HC.png,7.434276580810547,4
HC,images/HC/653_HC.png,HC/653_HC.png,7.424889087677002,4
HC,images/HC/205_HC.png,HC/205_HC.png,7.417557239532471,4
HC,images/HC/116_HC.png,HC/116_HC.png,7.406818389892578,4
HC,images/HC/424_HC.png,HC/424_HC.png,7.3965163230896,4
HC,images/HC/125_3HC.png,HC/125_3HC.png,7.390188217163086,4
HC,images/HC/029_HC.png,HC/029_HC.png,7.363757610321045,4
HC,images/HC/438_HC.png,HC/438_HC.png,7.363442420959473,4
HC,images/HC/037_HC.png,HC/037_HC.png,7.362296104431152,4
HC,images/HC/038_HC.png,HC/038_HC.png,7.360197067260742,4
HC,images/HC/050_2HC.png,HC/050_2HC.png,7.356770992279053,4
HC,images/HC/208_HC.png,HC/208_HC.png,7.353391170501709,4
HC,images/HC/085_HC.png,HC/085_HC.png,7.3527984619140625,4
HC,images/HC/413_HC.png,HC/413_HC.png,7.351579666137695,4
HC,images/HC/388_HC.png,HC/388_HC.png,7.347591400146484,4
HC,images/HC/798_HC.png,HC/798_HC.png,7.340632438659668,4
HC,images/HC/674_HC.png,HC/674_HC.png,7.33347749710083,4
HC,images/HC/661_HC.png,HC/661_HC.png,7.313249111175537,4
HC,images/HC/804_HC.png,HC/804_HC.png,7.31095027923584,4
HC,images/HC/465_HC.png,HC/465_HC.png,7.302742958068848,4
HC,images/HC/618_2HC.png,HC/618_2HC.png,7.298159599304199,4
HC,images/HC/651_HC.png,HC/651_HC.png,7.282968521118164,4
HC,images/HC/630_2HC.png,HC/630_2HC.png,7.28245735168457,4
HC,images/HC/587_2HC.png,HC/587_2HC.png,7.266447067260742,4
HC,images/HC/328_HC.png,HC/328_HC.png,7.262693405151367,4
HC,images/HC/359_HC.png,HC/359_HC.png,7.258124828338623,4
HC,images/HC/582_HC.png,HC/582_HC.png,7.254299640655518,4
HC,images/HC/473_HC.png,HC/473_HC.png,7.241578102111816,4
HC,images/HC/403_HC.png,HC/403_HC.png,7.233455657958984,4
HC,images/HC/718_HC.png,HC/718_HC.png,7.2297468185424805,4
HC,images/HC/337_HC.png,HC/337_HC.png,7.223278522491455,4
HC,images/HC/431_HC.png,HC/431_HC.png,7.217342853546143,4
HC,images/HC/601_HC.png,HC/601_HC.png,7.2085161209106445,4
HC,images/HC/574_HC.png,HC/574_HC.png,7.198342323303223,4
HC,images/HC/212_HC.png,HC/212_HC.png,7.194206237792969,4
HC,images/HC/368_HC.png,HC/368_HC.png,7.191772937774658,4
HC,images/HC/476_HC.png,HC/476_HC.png,7.189409255981445,4
HC,images/HC/352_HC.png,HC/352_HC.png,7.182799816131592,4
HC,images/HC/102_HC.png,HC/102_HC.png,7.179619789123535,4
HC,images/HC/064_2HC.png,HC/064_2HC.png,7.174280166625977,4
HC,images/HC/648_HC.png,HC/648_HC.png,7.170889854431152,4
HC,images/HC/515_HC.png,HC/515_HC.png,7.164571762084961,4
HC,images/HC/299_2HC.png,HC/299_2HC.png,7.138458251953125,4
HC,images/HC/493_HC.png,HC/493_HC.png,7.11503791809082,4
HC,images/HC/109_HC.png,HC/109_HC.png,7.065263271331787,4
HC,images/HC/595_HC.png,HC/595_HC.png,7.062770366668701,4
HC,images/HC/480_HC.png,HC/480_HC.png,7.058473587036133,4
HC,images/HC/107_2HC.png,HC/107_2HC.png,7.055051803588867,4
HC,images/HC/499_HC.png,HC/499_HC.png,7.049132823944092,4
HC,images/HC/718_2HC.png,HC/718_2HC.png,7.044548511505127,4
HC,images/HC/494_HC.png,HC/494_HC.png,7.037818908691406,4
HC,images/HC/261_HC.png,HC/261_HC.png,7.023017883300781,4
HC,images/HC/650_HC.png,HC/650_HC.png,7.022418975830078,4
HC,images/HC/145_HC.png,HC/145_HC.png,7.02176570892334,4
HC,images/HC/502_HC.png,HC/502_HC.png,7.0175580978393555,4
HC,images/HC/327_HC.png,HC/327_HC.png,7.013216972351074,4
HC,images/HC/365_HC.png,HC/365_HC.png,6.985559463500977,4
HC,images/HC/009_HC.png,HC/009_HC.png,6.978357315063477,4
HC,images/HC/624_HC.png,HC/624_HC.png,6.968610763549805,4
HC,images/HC/170_HC.png,HC/170_HC.png,6.96418571472168,4
HC,images/HC/406_HC.png,HC/406_HC.png,6.960425853729248,4
HC,images/HC/695_HC.png,HC/695_HC.png,6.958312034606934,4
HC,images/HC/781_HC.png,HC/781_HC.png,6.951801776885986,4
HC,images/HC/445_HC.png,HC/445_HC.png,6.948092460632324,4
HC,images/HC/419_HC.png,HC/419_HC.png,6.940600872039795,4
HC,images/HC/531_2HC.png,HC/531_2HC.png,6.936420440673828,4
HC,images/HC/434_HC.png,HC/434_HC.png,6.916977882385254,4
HC,images/HC/671_HC.png,HC/671_HC.png,6.9132080078125,4
HC,images/HC/510_HC.png,HC/510_HC.png,6.912125587463379,4
HC,images/HC/763_HC.png,HC/763_HC.png,6.892687797546387,4
HC,images/HC/516_HC.png,HC/516_HC.png,6.890548229217529,4
HC,images/HC/723_HC.png,HC/723_HC.png,6.884308815002441,4
HC,images/HC/317_HC.png,HC/317_HC.png,6.876716613769531,4
HC,images/HC/481_HC.png,HC/481_HC.png,6.8741302490234375,4
HC,images/HC/039_HC.png,HC/039_HC.png,6.8628129959106445,4
HC,images/HC/080_HC.png,HC/080_HC.png,6.862542152404785,4
HC,images/HC/731_HC.png,HC/731_HC.png,6.857174873352051,4
HC,images/HC/783_2HC.png,HC/783_2HC.png,6.852643013000488,4
HC,images/HC/556_2HC.png,HC/556_2HC.png,6.851165294647217,4
HC,images/HC/619_HC.png,HC/619_HC.png,6.8488640785217285,4
HC,images/HC/093_HC.png,HC/093_HC.png,6.8470306396484375,4
HC,images/HC/229_HC.png,HC/229_HC.png,6.8459248542785645,4
HC,images/HC/345_HC.png,HC/345_HC.png,6.840102672576904,4
HC,images/HC/727_HC.png,HC/727_HC.png,6.839718818664551,4
HC,images/HC/061_2HC.png,HC/061_2HC.png,6.835983753204346,4
HC,images/HC/730_2HC.png,HC/730_2HC.png,6.833588600158691,4
HC,images/HC/652_2HC.png,HC/652_2HC.png,6.833490371704102,4
HC,images/HC/294_2HC.png,HC/294_2HC.png,6.820898056030273,4
HC,images/HC/666_HC.png,HC/666_HC.png,6.816503524780273,4
HC,images/HC/686_2HC.png,HC/686_2HC.png,6.805020332336426,4
HC,images/HC/362_HC.png,HC/362_HC.png,6.802370071411133,4
HC,images/HC/014_3HC.png,HC/014_3HC.png,6.795502662658691,4
HC,images/HC/495_HC.png,HC/495_HC.png,6.793580055236816,4
HC,images/HC/710_HC.png,HC/710_HC.png,6.789675235748291,4
HC,images/HC/639_2HC.png,HC/639_2HC.png,6.773869514465332,4
HC,images/HC/023_HC.png,HC/023_HC.png,6.771587371826172,4
HC,images/HC/591_HC.png,HC/591_HC.png,6.769986152648926,4
HC,images/HC/621_HC.png,HC/621_HC.png,6.76529598236084,4
HC,images/HC/006_HC.png,HC/006_HC.png,6.761552810668945,4
HC,images/HC/056_HC.png,HC/056_HC.png,6.758192539215088,4
HC,images/HC/745_HC.png,HC/745_HC.png,6.7498779296875,4
HC,images/HC/521_HC.png,HC/521_HC.png,6.738564491271973,4
HC,images/HC/574_2HC.png,HC/574_2HC.png,6.732022762298584,4
HC,images/HC/524_HC.png,HC/524_HC.png,6.70525598526001,4
HC,images/HC/478_HC.png,HC/478_HC.png,6.700812339782715,4
HC,images/HC/222_HC.png,HC/222_HC.png,6.696210861206055,4
HC,images/HC/342_HC.png,HC/342_HC.png,6.688243865966797,4
HC,images/HC/529_HC.png,HC/529_HC.png,6.687631130218506,4
HC,images/HC/081_HC.png,HC/081_HC.png,6.683995246887207,4
HC,images/HC/134_HC.png,HC/134_HC.png,6.68325138092041,4
HC,images/HC/086_HC.png,HC/086_HC.png,6.673269748687744,4
HC,images/HC/617_2HC.png,HC/617_2HC.png,6.668343544006348,4
HC,images/HC/105_HC.png,HC/105_HC.png,6.658505916595459,4
HC,images/HC/065_HC.png,HC/065_HC.png,6.6441497802734375,4
HC,images/HC/298_HC.png,HC/298_HC.png,6.638701438903809,4
HC,images/HC/610_HC.png,HC/610_HC.png,6.638354301452637,4
HC,images/HC/736_2HC.png,HC/736_2HC.png,6.634016990661621,4
HC,images/HC/567_2HC.png,HC/567_2HC.png,6.615294933319092,4
HC,images/HC/576_HC.png,HC/576_HC.png,6.601113796234131,4
HC,images/HC/579_HC.png,HC/579_HC.png,6.596351623535156,4
HC,images/HC/773_2HC.png,HC/773_2HC.png,6.593905448913574,4
HC,images/HC/204_HC.png,HC/204_HC.png,6.5628838539123535,4
HC,images/HC/361_2HC.png,HC/361_2HC.png,6.549455642700195,4
HC,images/HC/049_HC.png,HC/049_HC.png,6.542125225067139,4
HC,images/HC/659_HC.png,HC/659_HC.png,6.540195465087891,4
HC,images/HC/503_HC.png,HC/503_HC.png,6.539389610290527,4
HC,images/HC/517_HC.png,HC/517_HC.png,6.534427165985107,4
HC,images/HC/225_2HC.png,HC/225_2HC.png,6.532774925231934,4
HC,images/HC/590_HC.png,HC/590_HC.png,6.532716751098633,4
HC,images/HC/268_HC.png,HC/268_HC.png,6.525215148925781,4
HC,images/HC/608_HC.png,HC/608_HC.png,6.503474235534668,4
HC,images/HC/534_HC.png,HC/534_HC.png,6.497385025024414,4
HC,images/HC/203_2HC.png,HC/203_2HC.png,6.493668556213379,4
HC,images/HC/366_HC.png,HC/366_HC.png,6.488549709320068,4
HC,images/HC/358_HC.png,HC/358_HC.png,6.480826377868652,4
HC,images/HC/433_HC.png,HC/433_HC.png,6.479416847229004,4
HC,images/HC/248_HC.png,HC/248_HC.png,6.467872142791748,4
HC,images/HC/251_HC.png,HC/251_HC.png,6.466436862945557,4
HC,images/HC/418_HC.png,HC/418_HC.png,6.466152667999268,4
HC,images/HC/577_HC.png,HC/577_HC.png,6.4585280418396,4
HC,images/HC/014_HC.png,HC/014_HC.png,6.455191612243652,4
HC,images/HC/793_HC.png,HC/793_HC.png,6.443036079406738,4
HC,images/HC/335_HC.png,HC/335_HC.png,6.434349060058594,4
HC,images/HC/149_HC.png,HC/149_HC.png,6.430970668792725,4
HC,images/HC/241_HC.png,HC/241_HC.png,6.418045997619629,4
HC,images/HC/612_HC.png,HC/612_HC.png,6.4099555015563965,4
HC,images/HC/425_2HC.png,HC/425_2HC.png,6.400803565979004,4
HC,images/HC/215_HC.png,HC/215_HC.png,6.396445274353027,4
HC,images/HC/099_HC.png,HC/099_HC.png,6.373917579650879,4
HC,images/HC/211_HC.png,HC/211_HC.png,6.36882209777832,4
HC,images/HC/566_HC.png,HC/566_HC.png,6.365092754364014,4
HC,images/HC/528_HC.png,HC/528_HC.png,6.358112812042236,4
HC,images/HC/440_HC.png,HC/440_HC.png,6.354517936706543,4
HC,images/HC/077_HC.png,HC/077_HC.png,6.348658084869385,4
HC,images/HC/299_HC.png,HC/299_HC.png,6.339443206787109,4
HC,images/HC/692_2HC.png,HC/692_2HC.png,6.336421489715576,4
HC,images/HC/189_HC.png,HC/189_HC.png,6.334927558898926,4
HC,images/HC/411_HC.png,HC/411_HC.png,6.334020614624023,4
HC,images/HC/129_HC.png,HC/129_HC.png,6.321364402770996,4
HC,images/HC/091_HC.png,HC/091_HC.png,6.315605163574219,4
HC,images/HC/783_4HC.png,HC/783_4HC.png,6.312281608581543,4
HC,images/HC/383_HC.png,HC/383_HC.png,6.3107757568359375,4
HC,images/HC/347_HC.png,HC/347_HC.png,6.307054042816162,4
HC,images/HC/294_HC.png,HC/294_HC.png,6.30641508102417,4
HC,images/HC/349_HC.png,HC/349_HC.png,6.306084632873535,4
HC,images/HC/300_HC.png,HC/300_HC.png,6.300572872161865,4
HC,images/HC/734_HC.png,HC/734_HC.png,6.297258377075195,4
HC,images/HC/220_2HC.png,HC/220_2HC.png,6.291189193725586,4
HC,images/HC/104_HC.png,HC/104_HC.png,6.286798000335693,4
HC,images/HC/554_HC.png,HC/554_HC.png,6.284476280212402,4
HC,images/HC/108_2HC.png,HC/108_2HC.png,6.275604248046875,4
HC,images/HC/738_HC.png,HC/738_HC.png,6.269601345062256,4
HC,images/HC/293_HC.png,HC/293_HC.png,6.257519721984863,4
HC,images/HC/690_2HC.png,HC/690_2HC.png,6.257406234741211,4
HC,images/HC/040_HC.png,HC/040_HC.png,6.24873161315918,4
HC,images/HC/394_HC.png,HC/394_HC.png,6.245999336242676,4
HC,images/HC/708_2HC.png,HC/708_2HC.png,6.234847068786621,4
HC,images/HC/416_HC.png,HC/416_HC.png,6.226902961730957,4
HC,images/HC/735_HC.png,HC/735_HC.png,6.224576950073242,4
HC,images/HC/475_HC.png,HC/475_HC.png,6.222226142883301,4
HC,images/HC/702_HC.png,HC/702_HC.png,6.2172088623046875,4
HC,images/HC/713_HC.png,HC/713_HC.png,6.1868157386779785,4
HC,images/HC/689_HC.png,HC/689_HC.png,6.185025215148926,4
HC,images/HC/466_HC.png,HC/466_HC.png,6.181090831756592,4
HC,images/HC/468_HC.png,HC/468_HC.png,6.180553436279297,4
HC,images/HC/551_HC.png,HC/551_HC.png,6.177215576171875,4
HC,images/HC/456_HC.png,HC/456_HC.png,6.1736273765563965,4
HC,images/HC/150_HC.png,HC/150_HC.png,6.159857749938965,4
HC,images/HC/196_HC.png,HC/196_HC.png,6.1595916748046875,4
HC,images/HC/276_HC.png,HC/276_HC.png,6.155777454376221,4
HC,images/HC/792_HC.png,HC/792_HC.png,6.153812408447266,4
HC,images/HC/186_HC.png,HC/186_HC.png,6.140122413635254,4
HC,images/HC/327_2HC.png,HC/327_2HC.png,6.115185260772705,4
HC,images/HC/437_2HC.png,HC/437_2HC.png,6.111978530883789,4
HC,images/HC/698_HC.png,HC/698_HC.png,6.107052326202393,4
HC,images/HC/457_2HC.png,HC/457_2HC.png,6.105056285858154,4
HC,images/HC/675_2HC.png,HC/675_2HC.png,6.099129676818848,4
HC,images/HC/448_HC.png,HC/448_HC.png,6.095397472381592,4
HC,images/HC/758_HC.png,HC/758_HC.png,6.0947771072387695,4
HC,images/HC/629_HC.png,HC/629_HC.png,6.088111400604248,4
HC,images/HC/234_HC.png,HC/234_HC.png,6.079803466796875,4
HC,images/HC/221_HC.png,HC/221_HC.png,6.074346542358398,4
HC,images/HC/757_HC.png,HC/757_HC.png,6.06980037689209,4
HC,images/HC/141_HC.png,HC/141_HC.png,6.066956520080566,4
HC,images/HC/670_HC.png,HC/670_HC.png,6.066955089569092,4
HC,images/HC/395_HC.png,HC/395_HC.png,6.064096450805664,4
HC,images/HC/512_HC.png,HC/512_HC.png,6.062638282775879,4
HC,images/HC/771_HC.png,HC/771_HC.png,6.053632736206055,4
HC,images/HC/178_HC.png,HC/178_HC.png,6.053586006164551,4
HC,images/HC/587_HC.png,HC/587_HC.png,6.051086902618408,4
HC,images/HC/679_HC.png,HC/679_HC.png,6.045472145080566,4
HC,images/HC/184_HC.png,HC/184_HC.png,6.029748916625977,4
HC,images/HC/531_HC.png,HC/531_HC.png,6.017831802368164,4
HC,images/HC/142_HC.png,HC/142_HC.png,6.014066696166992,4
HC,images/HC/121_2HC.png,HC/121_2HC.png,6.004527568817139,4
HC,images/HC/157_HC.png,HC/157_HC.png,6.004074573516846,4
HC,images/HC/323_2HC.png,HC/323_2HC.png,5.998452663421631,4
HC,images/HC/505_HC.png,HC/505_HC.png,5.998180866241455,4
HC,images/HC/185_HC.png,HC/185_HC.png,5.991812705993652,4
HC,images/HC/756_2HC.png,HC/756_2HC.png,5.991559028625488,4
HC,images/HC/374_HC.png,HC/374_HC.png,5.988173484802246,4
HC,images/HC/214_HC.png,HC/214_HC.png,5.964515209197998,4
HC,images/HC/552_HC.png,HC/552_HC.png,5.963886260986328,4
HC,images/HC/457_HC.png,HC/457_HC.png,5.957526206970215,4
HC,images/HC/588_HC.png,HC/588_HC.png,5.953078269958496,4
HC,images/HC/303_HC.png,HC/303_HC.png,5.948185443878174,4
HC,images/HC/498_HC.png,HC/498_HC.png,5.9447126388549805,4
HC,images/HC/660_HC.png,HC/660_HC.png,5.944347381591797,4
HC,images/HC/225_HC.png,HC/225_HC.png,5.942647933959961,4
HC,images/HC/386_HC.png,HC/386_HC.png,5.926573753356934,4
HC,images/HC/533_HC.png,HC/533_HC.png,5.926532745361328,4
HC,images/HC/676_HC.png,HC/676_HC.png,5.9216742515563965,4
HC,images/HC/547_2HC.png,HC/547_2HC.png,5.919341564178467,4
HC,images/HC/636_HC.png,HC/636_HC.png,5.898396015167236,4
HC,images/HC/731_2HC.png,HC/731_2HC.png,5.889376163482666,4
HC,images/HC/188_HC.png,HC/188_HC.png,5.884833335876465,4
HC,images/HC/746_HC.png,HC/746_HC.png,5.846035957336426,4
HC,images/HC/313_HC.png,HC/313_HC.png,5.832083702087402,4
HC,images/HC/307_HC.png,HC/307_HC.png,5.830867290496826,4
HC,images/HC/648_2HC.png,HC/648_2HC.png,5.8240132331848145,4
HC,images/HC/477_HC.png,HC/477_HC.png,5.811899662017822,4
HC,images/HC/095_HC.png,HC/095_HC.png,5.811000823974609,4
HC,images/HC/669_HC.png,HC/669_HC.png,5.804797172546387,4
HC,images/HC/357_HC.png,HC/357_HC.png,5.804061412811279,4
HC,images/HC/423_HC.png,HC/423_HC.png,5.802678108215332,4
HC,images/HC/453_2HC.png,HC/453_2HC.png,5.801267147064209,4
HC,images/HC/118_HC.png,HC/118_HC.png,5.799052715301514,4
HC,images/HC/541_2HC.png,HC/541_2HC.png,5.798576354980469,4
HC,images/HC/193_HC.png,HC/193_HC.png,5.795114994049072,4
HC,images/HC/041_HC.png,HC/041_HC.png,5.788449764251709,4
HC,images/HC/609_HC.png,HC/609_HC.png,5.7857465744018555,4
HC,images/HC/526_2HC.png,HC/526_2HC.png,5.778791904449463,4
HC,images/HC/566_2HC.png,HC/566_2HC.png,5.772516250610352,4
HC,images/HC/336_HC.png,HC/336_HC.png,5.771237373352051,4
HC,images/HC/793_2HC.png,HC/793_2HC.png,5.770158767700195,4
HC,images/HC/404_2HC.png,HC/404_2HC.png,5.7640862464904785,4
HC,images/HC/301_HC.png,HC/301_HC.png,5.763613224029541,4
HC,images/HC/615_HC.png,HC/615_HC.png,5.755842208862305,4
HC,images/HC/207_HC.png,HC/207_HC.png,5.755239009857178,4
HC,images/HC/706_HC.png,HC/706_HC.png,5.747464656829834,4
HC,images/HC/172_HC.png,HC/172_HC.png,5.74452018737793,4
HC,images/HC/643_HC.png,HC/643_HC.png,5.7304158210754395,4
HC,images/HC/252_HC.png,HC/252_HC.png,5.728537559509277,4
HC,images/HC/699_HC.png,HC/699_HC.png,5.7252068519592285,4
HC,images/HC/382_HC.png,HC/382_HC.png,5.717757225036621,4
HC,images/HC/223_2HC.png,HC/223_2HC.png,5.713361740112305,4
HC,images/HC/013_HC.png,HC/013_HC.png,5.694854736328125,4
HC,images/HC/604_HC.png,HC/604_HC.png,5.683106422424316,4
HC,images/HC/559_HC.png,HC/559_HC.png,5.675555229187012,4
HC,images/HC/719_HC.png,HC/719_HC.png,5.669163227081299,4
HC,images/HC/409_HC.png,HC/409_HC.png,5.668484687805176,4
HC,images/HC/491_HC.png,HC/491_HC.png,5.661969184875488,4
HC,images/HC/312_2HC.png,HC/312_2HC.png,5.66038703918457,4
HC,images/HC/348_HC.png,HC/348_HC.png,5.653234481811523,4
HC,images/HC/748_HC.png,HC/748_HC.png,5.650237560272217,4
HC,images/HC/126_3HC.png,HC/126_3HC.png,5.641622066497803,4
HC,images/HC/565_HC.png,HC/565_HC.png,5.637806415557861,4
HC,images/HC/768_HC.png,HC/768_HC.png,5.6372551918029785,4
HC,images/HC/070_HC.png,HC/070_HC.png,5.634437561035156,4
HC,images/HC/726_HC.png,HC/726_HC.png,5.633190155029297,4
HC,images/HC/737_HC.png,HC/737_HC.png,5.629517078399658,4
HC,images/HC/496_HC.png,HC/496_HC.png,5.609610557556152,4
HC,images/HC/021_HC.png,HC/021_HC.png,5.609403610229492,4
HC,images/HC/805_HC.png,HC/805_HC.png,5.596388816833496,4
HC,images/HC/747_HC.png,HC/747_HC.png,5.593278884887695,4
HC,images/HC/514_HC.png,HC/514_HC.png,5.585495471954346,4
HC,images/HC/573_HC.png,HC/573_HC.png,5.584291458129883,4
HC,images/HC/497_HC.png,HC/497_HC.png,5.581333637237549,4
HC,images/HC/730_HC.png,HC/730_HC.png,5.570786952972412,4
HC,images/HC/783_3HC.png,HC/783_3HC.png,5.568950176239014,4
HC,images/HC/078_HC.png,HC/078_HC.png,5.5642547607421875,4
HC,images/HC/255_HC.png,HC/255_HC.png,5.561356544494629,4
HC,images/HC/323_HC.png,HC/323_HC.png,5.560651779174805,4
HC,images/HC/148_HC.png,HC/148_HC.png,5.557185173034668,4
HC,images/HC/237_3HC.png,HC/237_3HC.png,5.5362396240234375,4
HC,images/HC/570_2HC.png,HC/570_2HC.png,5.535374641418457,4
HC,images/HC/607_HC.png,HC/607_HC.png,5.533071994781494,4
HC,images/HC/136_2HC.png,HC/136_2HC.png,5.519674777984619,4
HC,images/HC/384_HC.png,HC/384_HC.png,5.507867813110352,4
HC,images/HC/292_HC.png,HC/292_HC.png,5.500453948974609,4
HC,images/HC/469_HC.png,HC/469_HC.png,5.49374532699585,4
HC,images/HC/010_2HC.png,HC/010_2HC.png,5.491179466247559,4
HC,images/HC/379_HC.png,HC/379_HC.png,5.470269680023193,4
HC,images/HC/511_HC.png,HC/511_HC.png,5.465628147125244,4
HC,images/HC/544_2HC.png,HC/544_2HC.png,5.457893371582031,4
HC,images/HC/381_HC.png,HC/381_HC.png,5.4392805099487305,4
HC,images/HC/238_HC.png,HC/238_HC.png,5.437684535980225,4
HC,images/HC/394_2HC.png,HC/394_2HC.png,5.4364447593688965,4
HC,images/HC/468_2HC.png,HC/468_2HC.png,5.434330940246582,4
HC,images/HC/281_HC.png,HC/281_HC.png,5.433666229248047,4
HC,images/HC/354_HC.png,HC/354_HC.png,5.433233737945557,4
HC,images/HC/611_HC.png,HC/611_HC.png,5.426231861114502,4
HC,images/HC/773_3HC.png,HC/773_3HC.png,5.426226615905762,4
HC,images/HC/083_2HC.png,HC/083_2HC.png,5.419644355773926,4
HC,images/HC/545_2HC.png,HC/545_2HC.png,5.419094562530518,4
HC,images/HC/583_HC.png,HC/583_HC.png,5.415484428405762,4
HC,images/HC/181_HC.png,HC/181_HC.png,5.411912441253662,4
HC,images/HC/156_2HC.png,HC/156_2HC.png,5.4093217849731445,4
HC,images/HC/430_HC.png,HC/430_HC.png,5.402785778045654,4
HC,images/HC/767_HC.png,HC/767_HC.png,5.401134490966797,4
HC,images/HC/594_HC.png,HC/594_HC.png,5.401069641113281,4
HC,images/HC/289_HC.png,HC/289_HC.png,5.391711235046387,4
HC,images/HC/153_HC.png,HC/153_HC.png,5.378365993499756,4
HC,images/HC/460_HC.png,HC/460_HC.png,5.371433734893799,4
HC,images/HC/213_2HC.png,HC/213_2HC.png,5.3661675453186035,4
HC,images/HC/783_HC.png,HC/783_HC.png,5.363428592681885,4
HC,images/HC/778_HC.png,HC/778_HC.png,5.35971736907959,4
HC,images/HC/592_2HC.png,HC/592_2HC.png,5.3592658042907715,4
HC,images/HC/125_2HC.png,HC/125_2HC.png,5.35894775390625,4
HC,images/HC/389_HC.png,HC/389_HC.png,5.356406211853027,4
HC,images/HC/106_HC.png,HC/106_HC.png,5.352239608764648,4
HC,images/HC/213_HC.png,HC/213_HC.png,5.341560363769531,4
HC,images/HC/544_HC.png,HC/544_HC.png,5.340588569641113,4
HC,images/HC/449_HC.png,HC/449_HC.png,5.336521625518799,4
HC,images/HC/378_HC.png,HC/378_HC.png,5.334263801574707,4
HC,images/HC/562_HC.png,HC/562_HC.png,5.322495460510254,4
HC,images/HC/694_HC.png,HC/694_HC.png,5.31491756439209,4
HC,images/HC/167_HC.png,HC/167_HC.png,5.308189868927002,4
HC,images/HC/315_HC.png,HC/315_HC.png,5.303556442260742,4
HC,images/HC/598_HC.png,HC/598_HC.png,5.300463676452637,4
HC,images/HC/625_HC.png,HC/625_HC.png,5.298934459686279,4
HC,images/HC/489_HC.png,HC/489_HC.png,5.297119617462158,4
HC,images/HC/405_HC.png,HC/405_HC.png,5.296901702880859,4
HC,images/HC/133_3HC.png,HC/133_3HC.png,5.287685394287109,4
HC,images/HC/421_HC.png,HC/421_HC.png,5.273797512054443,4
HC,images/HC/113_HC.png,HC/113_HC.png,5.272647857666016,4
HC,images/HC/540_HC.png,HC/540_HC.png,5.2681074142456055,4
HC,images/HC/700_HC.png,HC/700_HC.png,5.267093658447266,4
HC,images/HC/098_HC.png,HC/098_HC.png,5.263951301574707,4
HC,images/HC/224_HC.png,HC/224_HC.png,5.255359649658203,4
HC,images/HC/791_HC.png,HC/791_HC.png,5.251681327819824,4
HC,images/HC/463_HC.png,HC/463_HC.png,5.2412519454956055,4
HC,images/HC/439_HC.png,HC/439_HC.png,5.238735198974609,4
HC,images/HC/089_HC.png,HC/089_HC.png,5.2336015701293945,4
HC,images/HC/728_HC.png,HC/728_HC.png,5.232566833496094,4
HC,images/HC/314_HC.png,HC/314_HC.png,5.228386878967285,4
HC,images/HC/259_HC.png,HC/259_HC.png,5.225164413452148,4
HC,images/HC/614_HC.png,HC/614_HC.png,5.223902225494385,4
HC,images/HC/315_2HC.png,HC/315_2HC.png,5.2171525955200195,4
HC,images/HC/711_HC.png,HC/711_HC.png,5.2106523513793945,4
HC,images/HC/108_3HC.png,HC/108_3HC.png,5.209528923034668,4
HC,images/HC/316_HC.png,HC/316_HC.png,5.206362247467041,4
HC,images/HC/364_2HC.png,HC/364_2HC.png,5.200672626495361,4
HC,images/HC/589_HC.png,HC/589_HC.png,5.198981761932373,4
HC,images/HC/486_2HC.png,HC/486_2HC.png,5.196369171142578,4
HC,images/HC/764_2HC.png,HC/764_2HC.png,5.187863826751709,4
HC,images/HC/469_2HC.png,HC/469_2HC.png,5.17576265335083,4
HC,images/HC/772_HC.png,HC/772_HC.png,5.17189359664917,4
HC,images/HC/495_3HC.png,HC/495_3HC.png,5.166744232177734,4
HC,images/HC/036_HC.png,HC/036_HC.png,5.166297912597656,4
HC,images/HC/138_2HC.png,HC/138_2HC.png,5.159399032592773,4
HC,images/HC/402_HC.png,HC/402_HC.png,5.155913829803467,4
HC,images/HC/678_HC.png,HC/678_HC.png,5.15105676651001,4
HC,images/HC/267_HC.png,HC/267_HC.png,5.144144058227539,4
HC,images/HC/375_HC.png,HC/375_HC.png,5.129692077636719,4
HC,images/HC/701_HC.png,HC/701_HC.png,5.128162384033203,4
HC,images/HC/746_2HC.png,HC/746_2HC.png,5.120613098144531,4
HC,images/HC/756_HC.png,HC/756_HC.png,5.116942405700684,4
HC,images/HC/059_HC.png,HC/059_HC.png,5.108135223388672,4
HC,images/HC/495_4HC.png,HC/495_4HC.png,5.0916748046875,4
HC,images/HC/271_2HC.png,HC/271_2HC.png,5.085718154907227,4
HC,images/HC/570_HC.png,HC/570_HC.png,5.084931373596191,4
HC,images/HC/474_HC.png,HC/474_HC.png,5.084872722625732,4
HC,images/HC/401_HC.png,HC/401_HC.png,5.081390380859375,4
HC,images/HC/626_HC.png,HC/626_HC.png,5.077543258666992,4
HC,images/HC/034_HC.png,HC/034_HC.png,5.022029876708984,4
HC,images/HC/715_HC.png,HC/715_HC.png,5.02106237411499,4
HC,images/HC/742_HC.png,HC/742_HC.png,5.001213073730469,4
HC,images/HC/631_2HC.png,HC/631_2HC.png,4.994433403015137,4
HC,images/HC/237_2HC.png,HC/237_2HC.png,4.9844770431518555,4
HC,images/HC/717_HC.png,HC/717_HC.png,4.980287075042725,4
HC,images/HC/426_HC.png,HC/426_HC.png,4.974501609802246,4
HC,images/HC/462_2HC.png,HC/462_2HC.png,4.972308158874512,4
HC,images/HC/387_HC.png,HC/387_HC.png,4.9704909324646,4
HC,images/HC/488_HC.png,HC/488_HC.png,4.966686725616455,4
HC,images/HC/414_HC.png,HC/414_HC.png,4.955796718597412,4
HC,images/HC/295_HC.png,HC/295_HC.png,4.955472469329834,4
HC,images/HC/097_HC.png,HC/097_HC.png,4.9537858963012695,4
HC,images/HC/121_HC.png,HC/121_HC.png,4.952301979064941,4
HC,images/HC/236_HC.png,HC/236_HC.png,4.951244354248047,4
HC,images/HC/634_HC.png,HC/634_HC.png,4.949466228485107,4
HC,images/HC/454_HC.png,HC/454_HC.png,4.947678089141846,4
HC,images/HC/523_HC.png,HC/523_HC.png,4.940669059753418,4
HC,images/HC/495_2HC.png,HC/495_2HC.png,4.931244373321533,4
HC,images/HC/561_3HC.png,HC/561_3HC.png,4.924574375152588,4
HC,images/HC/720_2HC.png,HC/720_2HC.png,4.911779403686523,4
HC,images/HC/641_HC.png,HC/641_HC.png,4.910805702209473,4
HC,images/HC/063_3HC.png,HC/063_3HC.png,4.909648895263672,4
HC,images/HC/242_HC.png,HC/242_HC.png,4.898941993713379,4
HC,images/HC/373_2HC.png,HC/373_2HC.png,4.875450611114502,4
HC,images/HC/703_HC.png,HC/703_HC.png,4.874453544616699,4
HC,images/HC/709_HC.png,HC/709_HC.png,4.869903564453125,4
HC,images/HC/708_HC.png,HC/708_HC.png,4.867557525634766,4
HC,images/HC/483_HC.png,HC/483_HC.png,4.852808952331543,4
HC,images/HC/583_2HC.png,HC/583_2HC.png,4.8452653884887695,4
HC,images/HC/146_2HC.png,HC/146_2HC.png,4.841640472412109,4
HC,images/HC/557_HC.png,HC/557_HC.png,4.840754508972168,4
HC,images/HC/546_HC.png,HC/546_HC.png,4.829971790313721,4
HC,images/HC/372_HC.png,HC/372_HC.png,4.822564125061035,4
HC,images/HC/125_HC.png,HC/125_HC.png,4.806121826171875,4
HC,images/HC/237_HC.png,HC/237_HC.png,4.79223108291626,4
HC,images/HC/553_HC.png,HC/553_HC.png,4.783620834350586,4
HC,images/HC/256_HC.png,HC/256_HC.png,4.776805877685547,4
HC,images/HC/685_HC.png,HC/685_HC.png,4.771539211273193,4
HC,images/HC/762_HC.png,HC/762_HC.png,4.770764350891113,4
HC,images/HC/310_HC.png,HC/310_HC.png,4.768829822540283,4
HC,images/HC/461_HC.png,HC/461_HC.png,4.762749671936035,4
HC,images/HC/682_HC.png,HC/682_HC.png,4.749159812927246,4
HC,images/HC/191_HC.png,HC/191_HC.png,4.741185188293457,4
HC,images/HC/159_HC.png,HC/159_HC.png,4.737915992736816,4
HC,images/HC/288_HC.png,HC/288_HC.png,4.735676288604736,4
HC,images/HC/217_HC.png,HC/217_HC.png,4.730970859527588,4
HC,images/HC/717_2HC.png,HC/717_2HC.png,4.729465007781982,4
HC,images/HC/779_HC.png,HC/779_HC.png,4.7237935066223145,4
HC,images/HC/536_HC.png,HC/536_HC.png,4.722906112670898,4
HC,images/HC/720_HC.png,HC/720_HC.png,4.7029314041137695,4
HC,images/HC/055_HC.png,HC/055_HC.png,4.694123268127441,4
HC,images/HC/785_HC.png,HC/785_HC.png,4.689214706420898,4
HC,images/HC/539_HC.png,HC/539_HC.png,4.680889129638672,4
HC,images/HC/203_3HC.png,HC/203_3HC.png,4.677043914794922,4
HC,images/HC/066_HC.png,HC/066_HC.png,4.6724371910095215,4
HC,images/HC/537_HC.png,HC/537_HC.png,4.67071533203125,4
HC,images/HC/776_HC.png,HC/776_HC.png,4.661708354949951,4
HC,images/HC/344_HC.png,HC/344_HC.png,4.658308029174805,4
HC,images/HC/725_HC.png,HC/725_HC.png,4.6546831130981445,4
HC,images/HC/704_2HC.png,HC/704_2HC.png,4.649517059326172,4
HC,images/HC/346_HC.png,HC/346_HC.png,4.644354820251465,4
HC,images/HC/671_3HC.png,HC/671_3HC.png,4.640645980834961,4
HC,images/HC/786_HC.png,HC/786_HC.png,4.62350606918335,4
HC,images/HC/684_HC.png,HC/684_HC.png,4.61879825592041,4
HC,images/HC/140_HC.png,HC/140_HC.png,4.5938568115234375,4
HC,images/HC/519_HC.png,HC/519_HC.png,4.580774307250977,4
HC,images/HC/171_HC.png,HC/171_HC.png,4.575112342834473,4
HC,images/HC/257_HC.png,HC/257_HC.png,4.573846817016602,4
HC,images/HC/131_HC.png,HC/131_HC.png,4.567709445953369,4
HC,images/HC/403_2HC.png,HC/403_2HC.png,4.56685209274292,4
HC,images/HC/359_2HC.png,HC/359_2HC.png,4.564327716827393,4
HC,images/HC/151_HC.png,HC/151_HC.png,4.557620048522949,4
HC,images/HC/169_HC.png,HC/169_HC.png,4.554134845733643,4
HC,images/HC/051_HC.png,HC/051_HC.png,4.552500247955322,4
HC,images/HC/799_HC.png,HC/799_HC.png,4.551820278167725,4
HC,images/HC/744_HC.png,HC/744_HC.png,4.548995018005371,4
HC,images/HC/543_HC.png,HC/543_HC.png,4.546891212463379,4
HC,images/HC/705_HC.png,HC/705_HC.png,4.543428897857666,4
HC,images/HC/603_HC.png,HC/603_HC.png,4.541167259216309,4
HC,images/HC/800_HC.png,HC/800_HC.png,4.540477752685547,4
HC,images/HC/384_2HC.png,HC/384_2HC.png,4.537309646606445,4
HC,images/HC/143_HC.png,HC/143_HC.png,4.534214973449707,4
HC,images/HC/662_HC.png,HC/662_HC.png,4.52099609375,4
HC,images/HC/732_HC.png,HC/732_HC.png,4.511708736419678,4
HC,images/HC/062_HC.png,HC/062_HC.png,4.497903347015381,4
HC,images/HC/623_HC.png,HC/623_HC.png,4.478567123413086,4
HC,images/HC/499_2HC.png,HC/499_2HC.png,4.459681034088135,4
HC,images/HC/309_HC.png,HC/309_HC.png,4.455240726470947,4
HC,images/HC/602_HC.png,HC/602_HC.png,4.453838348388672,4
HC,images/HC/245_3HC.png,HC/245_3HC.png,4.410289764404297,4
HC,images/HC/139_HC.png,HC/139_HC.png,4.401147365570068,4
HC,images/HC/436_HC.png,HC/436_HC.png,4.38940954208374,4
HC,images/HC/442_HC.png,HC/442_HC.png,4.3864240646362305,4
HC,images/HC/046_HC.png,HC/046_HC.png,4.380695819854736,4
HC,images/HC/427_HC.png,HC/427_HC.png,4.345638275146484,4
HC,images/HC/090_HC.png,HC/090_HC.png,4.338852882385254,4
HC,images/HC/246_HC.png,HC/246_HC.png,4.328542709350586,4
HC,images/HC/724_HC.png,HC/724_HC.png,4.3284125328063965,4
HC,images/HC/588_2HC.png,HC/588_2HC.png,4.324977397918701,4
HC,images/HC/018_HC.png,HC/018_HC.png,4.31642484664917,4
HC,images/HC/507_HC.png,HC/507_HC.png,4.282853126525879,4
HC,images/HC/642_HC.png,HC/642_HC.png,4.230044841766357,4
HC,images/HC/795_HC.png,HC/795_HC.png,4.225962162017822,4
HC,images/HC/084_HC.png,HC/084_HC.png,4.2225823402404785,4
HC,images/HC/708_3HC.png,HC/708_3HC.png,4.212535858154297,4
HC,images/HC/400_HC.png,HC/400_HC.png,4.207833290100098,4
HC,images/HC/797_HC.png,HC/797_HC.png,4.207610130310059,4
HC,images/HC/100_HC.png,HC/100_HC.png,4.195116996765137,4
HC,images/HC/407_HC.png,HC/407_HC.png,4.191408157348633,4
HC,images/HC/264_HC.png,HC/264_HC.png,4.176553726196289,4
HC,images/HC/079_HC.png,HC/079_HC.png,4.175321102142334,4
HC,images/HC/245_2HC.png,HC/245_2HC.png,4.158522129058838,4
HC,images/HC/673_2HC.png,HC/673_2HC.png,4.140232086181641,4
HC,images/HC/639_HC.png,HC/639_HC.png,4.134098529815674,4
HC,images/HC/453_HC.png,HC/453_HC.png,4.107616424560547,4
HC,images/HC/063_2HC.png,HC/063_2HC.png,4.1061482429504395,4
HC,images/HC/382_2HC.png,HC/382_2HC.png,4.105602264404297,4
HC,images/HC/228_HC.png,HC/228_HC.png,4.098801612854004,4
HC,images/HC/507_2HC.png,HC/507_2HC.png,4.054173946380615,4
HC,images/HC/795_2HC.png,HC/795_2HC.png,4.049208164215088,4
HC,images/HC/263_HC.png,HC/263_HC.png,4.049129486083984,4
HC,images/HC/216_HC.png,HC/216_HC.png,4.032214641571045,4
HC,images/HC/441_HC.png,HC/441_HC.png,4.031308650970459,4
HC,images/HC/330_HC.png,HC/330_HC.png,4.0068817138671875,4
HC,images/HC/657_2HC.png,HC/657_2HC.png,3.987271785736084,4
HC,images/HC/530_HC.png,HC/530_HC.png,3.98095703125,4
HC,images/HC/722_HC.png,HC/722_HC.png,3.978194236755371,4
HC,images/HC/760_HC.png,HC/760_HC.png,3.9603660106658936,4
HC,images/HC/339_HC.png,HC/339_HC.png,3.9583563804626465,4
HC,images/HC/616_HC.png,HC/616_HC.png,3.9371447563171387,4
HC,images/HC/618_HC.png,HC/618_HC.png,3.919135332107544,4
HC,images/HC/444_HC.png,HC/444_HC.png,3.9093222618103027,4
HC,images/HC/102_2HC.png,HC/102_2HC.png,3.8876450061798096,4
HC,images/HC/057_HC.png,HC/057_HC.png,3.877810478210449,4
HC,images/HC/273_HC.png,HC/273_HC.png,3.869490146636963,4
HC,images/HC/658_HC.png,HC/658_HC.png,3.866217613220215,4
HC,images/HC/183_HC.png,HC/183_HC.png,3.8584938049316406,4
HC,images/HC/260_HC.png,HC/260_HC.png,3.857351779937744,4
HC,images/HC/198_2HC.png,HC/198_2HC.png,3.8529536724090576,4
HC,images/HC/198_HC.png,HC/198_HC.png,3.8529536724090576,4
HC,images/HC/271_HC.png,HC/271_HC.png,3.7978765964508057,4
HC,images/HC/087_HC.png,HC/087_HC.png,3.788787364959717,4
HC,images/HC/262_HC.png,HC/262_HC.png,3.7728970050811768,4
HC,images/HC/165_HC.png,HC/165_HC.png,3.7622437477111816,4
HC,images/HC/326_HC.png,HC/326_HC.png,3.761566638946533,4
HC,images/HC/278_HC.png,HC/278_HC.png,3.745260000228882,4
HC,images/HC/209_HC.png,HC/209_HC.png,3.7320165634155273,4
HC,images/HC/019_HC.png,HC/019_HC.png,3.724299430847168,4
HC,images/HC/321_HC.png,HC/321_HC.png,3.7231764793395996,4
HC,images/HC/712_HC.png,HC/712_HC.png,3.7182822227478027,4
HC,images/HC/459_HC.png,HC/459_HC.png,3.690352201461792,4
HC,images/HC/107_HC.png,HC/107_HC.png,3.6693878173828125,4
HC,images/HC/609_2HC.png,HC/609_2HC.png,3.649876117706299,4
HC,images/HC/197_HC.png,HC/197_HC.png,3.645979881286621,4
HC,images/HC/245_HC.png,HC/245_HC.png,3.609591484069824,4
HC,images/HC/345_2HC.png,HC/345_2HC.png,3.5366158485412598,4
HC,images/HC/472_HC.png,HC/472_HC.png,3.5160036087036133,4
HC,images/HC/520_HC.png,HC/520_HC.png,3.4663543701171875,4
HC,images/HC/074_HC.png,HC/074_HC.png,3.365412712097168,4
HC,images/HC/043_HC.png,HC/043_HC.png,3.352993965148926,4
HC,images/HC/513_HC.png,HC/513_HC.png,3.3412184715270996,4
HC,images/HC/802_HC.png,HC/802_HC.png,3.3292975425720215,4
HC,images/HC/360_2HC.png,HC/360_2HC.png,3.309784173965454,4
HC,images/HC/103_HC.png,HC/103_HC.png,3.285928249359131,4
HC,images/HC/606_HC.png,HC/606_HC.png,3.2268002033233643,4
HC,images/HC/364_HC.png,HC/364_HC.png,3.1402392387390137,4
HC,images/HC/773_HC.png,HC/773_HC.png,3.1053481101989746,4
HC,images/HC/223_HC.png,HC/223_HC.png,3.0931448936462402,4
HC,images/HC/356_HC.png,HC/356_HC.png,3.0500950813293457,4
HC,images/HC/247_HC.png,HC/247_HC.png,3.0225465297698975,4
HC,images/HC/640_HC.png,HC/640_HC.png,2.9286859035491943,4
HC,images/HC/628_HC.png,HC/628_HC.png,2.5499205589294434,4
HC,images/HC/501_HC.png,HC/501_HC.png,2.5401864051818848,4
HC,images/HC/136_HC.png,HC/136_HC.png,2.3627066612243652,4
HC,images/HC/765_HC.png,HC/765_HC.png,2.118370771408081,4
IVC,images/IVC/PNG_IM_0065.png,IVC/PNG_IM_0065.png,183.27610778808594,2
IVC,images/IVC/PNG_IM_0062.png,IVC/PNG_IM_0062.png,105.59700775146484,2
IVC,images/IVC/PNG_IM_0537-016.png,IVC/PNG_IM_0537-016.png,49.43303680419922,2
IVC,images/IVC/PNG_IM_0072.png,IVC/PNG_IM_0072.png,35.56122589111328,2
IVC,images/IVC/PNG_IM_0370.png,IVC/PNG_IM_0370.png,30.692806243896484,2
IVC,images/IVC/DCM_IM_0042_frame006.png,IVC/DCM_IM_0042_frame006.png,28.642059326171875,2
IVC,images/IVC/PNG_IM_0323-004.png,IVC/PNG_IM_0323-004.png,13.965957641601562,2
IVC,images/IVC/PNG_IM_0381.png,IVC/PNG_IM_0381.png,13.028594970703125,2
IVC,images/IVC/PNG_IM_0721-067.png,IVC/PNG_IM_0721-067.png,12.182738304138184,2
IVC,images/IVC/PNG_IM_0377.png,IVC/PNG_IM_0377.png,8.229844093322754,2
IVC,images/IVC/PNG_IM_0171-052.png,IVC/PNG_IM_0171-052.png,7.99967098236084,2
IVC,images/IVC/PNG_IM_0383.png,IVC/PNG_IM_0383.png,7.736029148101807,2
IVC,images/IVC/PNG_IM_0024-017.png,IVC/PNG_IM_0024-017.png,7.490907192230225,2
IVC,images/IVC/PNG_IM_0015-018.png,IVC/PNG_IM_0015-018.png,7.225255966186523,2
IVC,images/IVC/PNG_IM_0382.png,IVC/PNG_IM_0382.png,6.748098850250244,2
IVC,images/IVC/PNG_IM_0371.png,IVC/PNG_IM_0371.png,6.624441623687744,2
IVC,images/IVC/PNG_IM_0025-019.png,IVC/PNG_IM_0025-019.png,6.512613296508789,2
IVC,images/IVC/PNG_IM_0070.png,IVC/PNG_IM_0070.png,6.346149921417236,2
IVC,images/IVC/PNG_IM_0099-031.png,IVC/PNG_IM_0099-031.png,6.326604843139648,2
IVC,images/IVC/PNG_IM_0322-004.png,IVC/PNG_IM_0322-004.png,6.111082077026367,2
IVC,images/IVC/DCM_IM_0073_frame052.png,IVC/DCM_IM_0073_frame052.png,5.909675598144531,2
IVC,images/IVC/PNG_IM_0017-001.png,IVC/PNG_IM_0017-001.png,5.814749717712402,2
IVC,images/IVC/PNG_IM_0343-008.png,IVC/PNG_IM_0343-008.png,5.42466926574707,2
IVC,images/IVC/PNG_IM_0374.png,IVC/PNG_IM_0374.png,5.340085506439209,2
IVC,images/IVC/PNG_IM_0325-001.png,IVC/PNG_IM_0325-001.png,5.236903667449951,2
IVC,images/IVC/PNG_IM_0173-012.png,IVC/PNG_IM_0173-012.png,5.14384651184082,2
IVC,images/IVC/PNG_IM_0399-023.png,IVC/PNG_IM_0399-023.png,5.135632514953613,2
IVC,images/IVC/PNG_IM_0098-017.png,IVC/PNG_IM_0098-017.png,5.0821733474731445,2
IVC,images/IVC/PNG_IM_0026-011.png,IVC/PNG_IM_0026-011.png,5.068667411804199,2
IVC,images/IVC/PNG_IM_0369.png,IVC/PNG_IM_0369.png,4.950350284576416,2
IVC,images/IVC/PNG_IM_0538-012.png,IVC/PNG_IM_0538-012.png,4.875308990478516,2
IVC,images/IVC/PNG_IM_0535-028.png,IVC/PNG_IM_0535-028.png,4.399250030517578,2
IVC,images/IVC/DCM_IM_0063_frame017.png,IVC/DCM_IM_0063_frame017.png,4.3131608963012695,2
IVC,images/IVC/PNG_IM_0376.png,IVC/PNG_IM_0376.png,4.296208381652832,2
IVC,images/IVC/DCM_IM_0051_frame092.png,IVC/DCM_IM_0051_frame092.png,4.201448440551758,2
IVC,images/IVC/PNG_IM_0380.png,IVC/PNG_IM_0380.png,3.9246206283569336,2
IVC,images/IVC/PNG_IM_0341-004.png,IVC/PNG_IM_0341-004.png,3.470839738845825,2
IVC,images/IVC/PNG_IM_0373.png,IVC/PNG_IM_0373.png,2.650908946990967,2
